Workbook

Sheet test_output
A1: startphrase | B1: ending1 | C1: ending2 | D1: labels | E1: xid | F1: simile type | G1: met sim | H1: paired sim neg pair type | I1: negation | K1: Llama-3-70B-Instruct M1 1 | L1: Llama-3-70B-Instruct M1 2 | M1: Llama-3-70B-Instruct M1 bin | N1: Llama-3-70B-Instruct M2 1 | O1: Llama-3-70B-Instruct M2 2 | P1: Llama-3-70B-Instruct M2 bin | Q1: Llama-3-70B-Instruct M3 1 | R1: Llama-3-70B-Instruct M3 2 | S1: Llama-3-70B-Instruct M3 bin | T1: Llama-3-70B-Instruct M4 1 | U1: Llama-3-70B-Instruct M4 2 | V1: Llama-3-70B-Instruct M4 bin | W1: Llama-3-70B-Instruct M5 1 | X1: Llama-3-70B-Instruct M5 2 | Y1: Llama-3-70B-Instruct M5 bin | Z1: Llama-3.1-70B-Instruct M1 1 | AA1: Llama-3.1-70B-Instruct M1 2 | AB1: Llama-3.1-70B-Instruct M1 bin | AC1: Llama-3.1-70B-Instruct M2 1 | AD1: Llama-3.1-70B-Instruct M2 2 | AE1: Llama-3.1-70B-Instruct M2 bin | AF1: Llama-3.1-70B-Instruct M3 1 | AG1: Llama-3.1-70B-Instruct M3 2 | AH1: Llama-3.1-70B-Instruct M3 bin | AI1: Llama-3.1-70B-Instruct M4 1 | AJ1: Llama-3.1-70B-Instruct M4 2 | AK1: Llama-3.1-70B-Instruct M4 bin | AL1: Llama-3.1-70B-Instruct M5 1 | AM1: Llama-3.1-70B-Instruct M5 2 | AN1: Llama-3.1-70B-Instruct M5 bin | AO1: Llama-3.1-405B-Instruct M1 1 | AP1: Llama-3.1-405B-Instruct M1 2 | AQ1: Llama-3.1-405B-Instruct M1 bin | AR1: Llama-3.1-405B-Instruct M2 1 | AS1: Llama-3.1-405B-Instruct M2 2 | AT1: Llama-3.1-405B-Instruct M2 bin | AU1: Llama-3.1-405B-Instruct M3 1 | AV1: Llama-3.1-405B-Instruct M3 2 | AW1: Llama-3.1-405B-Instruct M3 bin | AX1: Llama-3.1-405B-Instruct M4 1 | AY1: Llama-3.1-405B-Instruct M4 2 | AZ1: Llama-3.1-405B-Instruct M4 bin | BA1: Llama-3.1-405B-Instruct M5 1 | BB1: Llama-3.1-405B-Instruct M5 2 | BC1: Llama-3.1-405B-Instruct M5 bin | BD1: Llama-3.3-70B-Instruct M1 1 | BE1: Llama-3.3-70B-Instruct M1 2 | BF1: Llama-3.3-70B-Instruct M1 bin | BG1: Llama-3.3-70B-Instruct M2 1 | BH1: Llama-3.3-70B-Instruct M2 2 | BI1: Llama-3.3-70B-Instruct M2 bin | BJ1: Llama-3.3-70B-Instruct M3 1 | BK1: Llama-3.3-70B-Instruct M3 2 | BL1: Llama-3.3-70B-Instruct M3 bin | BM1: Llama-3.3-70B-Instruct M4 1 | BN1: Llama-3.3-70B-Instruct M4 2 | BO1: Llama-3.3-70B-Instruct M4 bin | BP1: Llama-3.3-70B-Instruct M5 1 | BQ1: Llama-3.3-70B-Instruct M5 2 | BR1: Llama-3.3-70B-Instruct M5 bin
A2: She is honest | B2: She can be trusted | C2: She can not be trusted | D2: 0 | E2: 10_0 | F2: =INDEX([1]train_xl!$H:$H,MATCH(E2,[1]train_xl!$G:$G,0)) -> the-of | G2: =INDEX([1]train_xl!$I:$I,MATCH(E2,[1]train_xl!$G:$G,0)) -> sim | H2: =INDEX([1]train_xl!$V:$V,MATCH(E2,[1]train_xl!$G:$G,0)) -> not | I2: =INDEX([2]Sheet1!$L:$L,MATCH(E2,[2]Sheet1!$I:$I,0)) -> intens | K2: -3.0821192 | L2: -3.432278 | M2: 1 | N2: -3.160059 | O2: -3.4388489 | P2: 1 | Q2: -4.1101872 | R2: -4.3781164 | S2: 1 | T2: -3.5295825 | U2: -3.9740521 | V2: 1 | W2: -4.1221828 | X2: -4.2611167 | Y2: 1 | Z2: -3.675411 | AA2: -3.8874877 | AB2: 1 | AC2: -3.623788 | AD2: -3.8212372 | AE2: 1 | AF2: -4.5752232 | AG2: -4.6816209 | AH2: 1 | AI2: -4.5686438 | AJ2: -4.7502026 | AK2: 1 | AL2: -4.2395308 | AM2: -4.3585637 | AN2: 1 | AO2: -6.4224962 | AP2: -6.4344188 | AQ2: 1 | AR2: -6.3167161 | AS2: -6.476163 | AT2: 1 | AU2: -7.4661695 | AV2: -7.552701 | AW2: 1 | AX2: -8.8796879 | AY2: -8.8296645 | AZ2: 0 | BA2: -8.7747016 | BB2: -8.6089125 | BC2: 0 | BD2: -3.7496723 | BE2: -3.9788896 | BF2: 1 | BG2: -3.7151522 | BH2: -3.9657059 | BI2: 1 | BJ2: -4.5155695 | BK2: -4.6774207 | BL2: 1 | BM2: -4.7154324 | BN2: -4.9301514 | BO2: 1 | BP2: -4.8507528 | BQ2: -4.9773968 | BR2: 1
A3: she is dishonest | B3: She can be trusted | C3: She can not be trusted | D3: 1 | E3: 10_1 | F3: =INDEX([1]train_xl!$H:$H,MATCH(E3,[1]train_xl!$G:$G,0)) -> the-of | G3: =INDEX([1]train_xl!$I:$I,MATCH(E3,[1]train_xl!$G:$G,0)) -> sim | H3: =INDEX([1]train_xl!$V:$V,MATCH(E3,[1]train_xl!$G:$G,0)) -> not | I3: =INDEX([2]Sheet1!$L:$L,MATCH(E3,[2]Sheet1!$I:$I,0)) -> neg | K3: -3.494083 | L3: -3.146713 | M3: 1 | N3: -3.3989938 | O3: -3.033006 | P3: 1 | Q3: -4.3449543 | R3: -3.9750567 | S3: 1 | T3: -4.0787208 | U3: -3.2823163 | V3: 1 | W3: -4.2224485 | X3: -3.906667 | Y3: 1 | Z3: -3.6576477 | AA3: -3.2303592 | AB3: 1 | AC3: -3.6170262 | AD3: -3.2979816 | AE3: 1 | AF3: -4.5688633 | AG3: -4.1653385 | AH3: 1 | AI3: -4.5567243 | AJ3: -3.8499041 | AK3: 1 | AL3: -4.6824617 | AM3: -4.2730043 | AN3: 1 | AO3: -6.9411218 | AP3: -6.2725945 | AQ3: 1 | AR3: -6.8095476 | AS3: -6.1001041 | AT3: 1 | AU3: -7.9857606 | AV3: -7.24481 | AW3: 1 | AX3: -9.4563176 | AY3: -8.12226 | AZ3: 1 | BA3: -10.261082 | BB3: -8.883909 | BC3: 1 | BD3: -3.6910516 | BE3: -3.3332408 | BF3: 1 | BG3: -3.6968806 | BH3: -3.3371853 | BI3: 1 | BJ3: -4.5655723 | BK3: -4.2431356 | BL3: 1 | BM3: -4.6393826 | BN3: -3.9516197 | BO3: 1 | BP3: -5.0630916 | BQ3: -4.554326 | BR3: 1
A4: The student was cooperative | B4: He was helpful | C4: he was not helpful | D4: 0 | E4: 40_0 | F4: =INDEX([1]train_xl!$H:$H,MATCH(E4,[1]train_xl!$G:$G,0)) -> as-as | G4: =INDEX([1]train_xl!$I:$I,MATCH(E4,[1]train_xl!$G:$G,0)) -> sim | H4: =INDEX([1]train_xl!$V:$V,MATCH(E4,[1]train_xl!$G:$G,0)) -> not | I4: =INDEX([2]Sheet1!$L:$L,MATCH(E4,[2]Sheet1!$I:$I,0)) -> intens | K4: -4.0762748 | L4: -3.9008533 | M4: 0 | N4: -4.337302 | O4: -4.2449836 | P4: 0 | Q4: -5.3534602 | R4: -5.1964029 | S4: 0 | T4: -5.3729881 | U4: -5.3508816 | V4: 0 | W4: -6.2122311 | X4: -5.7895555 | Y4: 0 | Z4: -4.385609 | AA4: -4.317461 | AB4: 0 | AC4: -4.6030233 | AD4: -4.5773398 | AE4: 0 | AF4: -5.8542068 | AG4: -5.6757782 | AH4: 0 | AI4: -6.1522127 | AJ4: -5.9373801 | AK4: 0 | AL4: -6.5816324 | AM4: -6.1049639 | AN4: 0 | AO4: -3.9300664 | AP4: -3.9795401 | AQ4: 1 | AR4: -3.8594745 | AS4: -4.0770779 | AT4: 1 | AU4: -4.8545769 | AV4: -4.9171673 | AW4: 1 | AX4: -4.8180686 | AY4: -5.1065844 | AZ4: 1 | BA4: -5.692257 | BB4: -5.51182 | BC4: 0 | BD4: -4.4069178 | BE4: -4.2507148 | BF4: 0 | BG4: -4.5128548 | BH4: -4.4932705 | BI4: 0 | BJ4: -5.5664235 | BK4: -5.6094276 | BL4: 1 | BM4: -6.0530984 | BN4: -5.7947902 | BO4: 0 | BP4: -6.4215988 | BQ4: -6.2489864 | BR4: 0
A5: The student was uncooperative | B5: He was helpful | C5: he was not helpful | D5: 1 | E5: 40_1 | F5: =INDEX([1]train_xl!$H:$H,MATCH(E5,[1]train_xl!$G:$G,0)) -> as-as | G5: =INDEX([1]train_xl!$I:$I,MATCH(E5,[1]train_xl!$G:$G,0)) -> sim | H5: =INDEX([1]train_xl!$V:$V,MATCH(E5,[1]train_xl!$G:$G,0)) -> not | I5: =INDEX([2]Sheet1!$L:$L,MATCH(E5,[2]Sheet1!$I:$I,0)) -> neg | K5: -3.6919081 | L5: -3.1422129 | M5: 1 | N5: -3.912942 | O5: -3.2705584 | P5: 1 | Q5: -4.6336857 | R5: -3.9868385 | S5: 1 | T5: -4.7896417 | U5: -4.0223584 | V5: 1 | W5: -4.866041 | X5: -4.341951 | Y5: 1 | Z5: -3.9754279 | AA5: -3.4367841 | AB5: 1 | AC5: -4.026218 | AD5: -3.5844309 | AE5: 1 | AF5: -4.9406883 | AG5: -4.4120227 | AH5: 1 | AI5: -5.2203571 | AJ5: -4.4748257 | AK5: 1 | AL5: -5.3093705 | AM5: -4.7578127 | AN5: 1 | AO5: -3.3999954 | AP5: -3.0158695 | AQ5: 1 | AR5: -3.4748954 | AS5: -2.9794736 | AT5: 1 | AU5: -4.0829993 | AV5: -3.6218947 | AW5: 1 | AX5: -4.3677337 | AY5: -3.7279775 | AZ5: 1 | BA5: -4.4714452 | BB5: -4.0186922 | BC5: 1 | BD5: -3.9092594 | BE5: -3.4633718 | BF5: 1 | BG5: -4.0637791 | BH5: -3.5089924 | BI5: 1 | BJ5: -4.8388801 | BK5: -4.412087 | BL5: 1 | BM5: -5.2622235 | BN5: -4.520389 | BO5: 1 | BP5: -5.4541716 | BQ5: -4.8466174 | BR5: 1
A6: The man was stylish | B6: The man was cool | C6: The man was not cool | D6: 0 | E6: 50_0 | F6: =INDEX([1]train_xl!$H:$H,MATCH(E6,[1]train_xl!$G:$G,0)) -> as-as | G6: =INDEX([1]train_xl!$I:$I,MATCH(E6,[1]train_xl!$G:$G,0)) -> sim | H6: =INDEX([1]train_xl!$V:$V,MATCH(E6,[1]train_xl!$G:$G,0)) -> not | I6: =INDEX([2]Sheet1!$L:$L,MATCH(E6,[2]Sheet1!$I:$I,0)) -> intens | K6: -4.3762359 | L6: -4.5849982 | M6: 1 | N6: -4.5229998 | O6: -4.7140233 | P6: 1 | Q6: -5.4907469 | R6: -5.6030291 | S6: 1 | T6: -5.3593964 | U6: -5.8234519 | V6: 1 | W6: -6.3341276 | X6: -6.1512358 | Y6: 0 | Z6: -5.0369053 | AA6: -5.1492638 | AB6: 1 | AC6: -5.4225944 | AD6: -5.4793989 | AE6: 1 | AF6: -6.2855329 | AG6: -6.2669097 | AH6: 0 | AI6: -6.4951697 | AJ6: -6.8210127 | AK6: 1 | AL6: -7.188299 | AM6: -6.9189821 | AN6: 0 | AO6: -3.6099995 | AP6: -3.8141121 | AQ6: 1 | AR6: -3.8404279 | AS6: -4.0261438 | AT6: 1 | AU6: -4.5758332 | AV6: -4.7189901 | AW6: 1 | AX6: -4.2520198 | AY6: -4.9080745 | AZ6: 1 | BA6: -4.9068951 | BB6: -4.9498493 | BC6: 1 | BD6: -5.4534763 | BE6: -5.5351982 | BF6: 1 | BG6: -5.6712782 | BH6: -5.7397096 | BI6: 1 | BJ6: -6.3459469 | BK6: -6.5704024 | BL6: 1 | BM6: -6.9256591 | BN6: -7.2080741 | BO6: 1 | BP6: -7.7173493 | BQ6: -7.3897066 | BR6: 0
A7: The man was unfashionable | B7: The man was cool | C7: The man was not cool | D7: 1 | E7: 50_1 | F7: =INDEX([1]train_xl!$H:$H,MATCH(E7,[1]train_xl!$G:$G,0)) -> as-as | G7: =INDEX([1]train_xl!$I:$I,MATCH(E7,[1]train_xl!$G:$G,0)) -> sim | H7: =INDEX([1]train_xl!$V:$V,MATCH(E7,[1]train_xl!$G:$G,0)) -> not | I7: =INDEX([2]Sheet1!$L:$L,MATCH(E7,[2]Sheet1!$I:$I,0)) -> neg | K7: -4.2662798 | L7: -4.0360923 | M7: 1 | N7: -4.377039 | O7: -4.0671615 | P7: 1 | Q7: -5.1506901 | R7: -4.7177338 | S7: 1 | T7: -5.2226326 | U7: -4.696588 | V7: 1 | W7: -5.6554409 | X7: -5.3055867 | Y7: 1 | Z7: -5.1289855 | AA7: -5.1820937 | AB7: 0 | AC7: -5.6854552 | AD7: -5.2908008 | AE7: 1 | AF7: -6.3019619 | AG7: -5.8392892 | AH7: 1 | AI7: -6.9757581 | AJ7: -6.3865679 | AK7: 1 | AL7: -6.8309458 | AM7: -6.3803317 | AN7: 1 | AO7: -3.6698038 | AP7: -3.4463654 | AQ7: 1 | AR7: -3.9385016 | AS7: -3.5621624 | AT7: 1 | AU7: -4.4087615 | AV7: -4.012189 | AW7: 1 | AX7: -4.3633354 | AY7: -4.0621308 | AZ7: 1 | BA7: -4.6141711 | BB7: -4.3596676 | BC7: 1 | BD7: -5.4433793 | BE7: -5.136843 | BF7: 1 | BG7: -5.7558582 | BH7: -5.3635456 | BI7: 1 | BJ7: -6.3873845 | BK7: -5.6648003 | BL7: 1 | BM7: -7.1265058 | BN7: -6.4990407 | BO7: 1 | BP7: -7.2893742 | BQ7: -6.6245831 | BR7: 1
A8: The child was devout | B8: The child was religious | C8: The child was not religious | D8: 0 | E8: 63_0 | F8: =INDEX([1]train_xl!$H:$H,MATCH(E8,[1]train_xl!$G:$G,0)) -> as-as | G8: =INDEX([1]train_xl!$I:$I,MATCH(E8,[1]train_xl!$G:$G,0)) -> sim | H8: =INDEX([1]train_xl!$V:$V,MATCH(E8,[1]train_xl!$G:$G,0)) -> not | I8: =INDEX([2]Sheet1!$L:$L,MATCH(E8,[2]Sheet1!$I:$I,0)) -> intens | K8: -3.941186 | L8: -3.953549 | M8: 1 | N8: -4.2110816 | O8: -4.3471899 | P8: 1 | Q8: -5.1050721 | R8: -5.0278909 | S8: 0 | T8: -5.3867646 | U8: -5.3038866 | V8: 0 | W8: -6.0154251 | X8: -5.7502702 | Y8: 0 | Z8: -4.1505489 | AA8: -4.2463459 | AB8: 1 | AC8: -4.4542546 | AD8: -4.5633002 | AE8: 1 | AF8: -5.223401 | AG8: -5.1587932 | AH8: 0 | AI8: -5.8482918 | AJ8: -5.6794001 | AK8: 0 | AL8: -6.4151665 | AM8: -6.0216646 | AN8: 0 | AO8: -3.5692028 | AP8: -3.5505783 | AQ8: 0 | AR8: -3.6226195 | AS8: -3.7322904 | AT8: 1 | AU8: -4.4778205 | AV8: -4.3668464 | AW8: 0 | AX8: -4.6871018 | AY8: -4.6834519 | AZ8: 0 | BA8: -4.9852228 | BB8: -4.8299296 | BC8: 0 | BD8: -4.1672001 | BE8: -4.1477351 | BF8: 0 | BG8: -4.3432313 | BH8: -4.4550767 | BI8: 1 | BJ8: -4.9841728 | BK8: -5.1041132 | BL8: 1 | BM8: -5.6979055 | BN8: -5.5584216 | BO8: 0 | BP8: -6.254391 | BQ8: -5.8694916 | BR8: 0
A9: The child was atheistic | B9: The child was religious | C9: The child was not religious | D9: 1 | E9: 63_1 | F9: =INDEX([1]train_xl!$H:$H,MATCH(E9,[1]train_xl!$G:$G,0)) -> as-as | G9: =INDEX([1]train_xl!$I:$I,MATCH(E9,[1]train_xl!$G:$G,0)) -> sim | H9: =INDEX([1]train_xl!$V:$V,MATCH(E9,[1]train_xl!$G:$G,0)) -> not | I9: =INDEX([2]Sheet1!$L:$L,MATCH(E9,[2]Sheet1!$I:$I,0)) -> neg | K9: -3.9305518 | L9: -3.4249175 | M9: 1 | N9: -4.1648532 | O9: -3.5153604 | P9: 1 | Q9: -4.9087261 | R9: -4.2140462 | S9: 1 | T9: -4.9723632 | U9: -4.4301373 | V9: 1 | W9: -5.4153487 | X9: -4.756096 | Y9: 1 | Z9: -3.9510516 | AA9: -3.6248331 | AB9: 1 | AC9: -4.2244018 | AD9: -3.6630276 | AE9: 1 | AF9: -4.9132344 | AG9: -4.3725436 | AH9: 1 | AI9: -5.3164673 | AJ9: -4.8745563 | AK9: 1 | AL9: -5.4319499 | AM9: -4.9899631 | AN9: 1 | AO9: -3.5878454 | AP9: -3.2684923 | AQ9: 1 | AR9: -3.8752375 | AS9: -3.46633 | AT9: 1 | AU9: -4.3054402 | AV9: -3.8514731 | AW9: 1 | AX9: -4.4495075 | AY9: -4.1071718 | AZ9: 1 | BA9: -4.452092 | BB9: -4.1840329 | BC9: 1 | BD9: -4.0500691 | BE9: -3.7261821 | BF9: 1 | BG9: -4.3891563 | BH9: -3.9021978 | BI9: 1 | BJ9: -5.0820879 | BK9: -4.4992563 | BL9: 1 | BM9: -5.6960376 | BN9: -5.113608 | BO9: 1 | BP9: -5.8210391 | BQ9: -5.3806704 | BR9: 1
A10: The hangover made her feel terrible | B10: She felt bad | C10: She did not feel bad | D10: 0 | E10: 87_0 | F10: =INDEX([1]train_xl!$H:$H,MATCH(E10,[1]train_xl!$G:$G,0)) -> like | G10: =INDEX([1]train_xl!$I:$I,MATCH(E10,[1]train_xl!$G:$G,0)) -> sim | H10: =INDEX([1]train_xl!$V:$V,MATCH(E10,[1]train_xl!$G:$G,0)) -> not | I10: =INDEX([2]Sheet1!$L:$L,MATCH(E10,[2]Sheet1!$I:$I,0)) -> intens | K10: -4.2063499 | L10: -3.9243412 | M10: 0 | N10: -4.3340458 | O10: -4.1875673 | P10: 0 | Q10: -5.1958663 | R10: -4.8745532 | S10: 0 | T10: -5.7071238 | U10: -5.0496917 | V10: 0 | W10: -5.5914977 | X10: -4.9762696 | Y10: 0 | Z10: -4.084267 | AA10: -3.754929 | AB10: 0 | AC10: -4.2341881 | AD10: -4.0123358 | AE10: 0 | AF10: -5.0243638 | AG10: -4.739483 | AH10: 0 | AI10: -5.1163962 | AJ10: -4.6542143 | AK10: 0 | AL10: -5.1955408 | AM10: -4.6469509 | AN10: 0 | AO10: -3.303962 | AP10: -3.1603264 | AQ10: 0 | AR10: -3.3627972 | AS10: -3.3336459 | AT10: 0 | AU10: -4.0138094 | AV10: -3.8264275 | AW10: 0 | AX10: -4.3187756 | AY10: -4.0864258 | AZ10: 0 | BA10: -4.357547 | BB10: -4.7547973 | BC10: 1 | BD10: -4.0445988 | BE10: -3.7893233 | BF10: 0 | BG10: -4.1568159 | BH10: -4.0505254 | BI10: 0 | BJ10: -4.8740956 | BK10: -4.6750395 | BL10: 0 | BM10: -5.0762614 | BN10: -4.6024432 | BO10: 0 | BP10: -5.2377424 | BQ10: -4.7506554 | BR10: 0
A11: The hangover made her feel good | B11: She felt bad | C11: She did not feel bad | D11: 1 | E11: 87_1 | F11: =INDEX([1]train_xl!$H:$H,MATCH(E11,[1]train_xl!$G:$G,0)) -> like | G11: =INDEX([1]train_xl!$I:$I,MATCH(E11,[1]train_xl!$G:$G,0)) -> sim | H11: =INDEX([1]train_xl!$V:$V,MATCH(E11,[1]train_xl!$G:$G,0)) -> not | I11: =INDEX([2]Sheet1!$L:$L,MATCH(E11,[2]Sheet1!$I:$I,0)) -> neg | K11: -4.1159016 | L11: -3.6757533 | M11: 1 | N11: -4.5031848 | O11: -4.1404062 | P11: 1 | Q11: -5.4741118 | R11: -4.7284799 | S11: 1 | T11: -5.3871571 | U11: -4.8306046 | V11: 1 | W11: -5.6104273 | X11: -5.1121792 | Y11: 1 | Z11: -3.9025462 | AA11: -3.509488 | AB11: 1 | AC11: -4.2052413 | AD11: -3.862592 | AE11: 1 | AF11: -5.1923943 | AG11: -4.5246439 | AH11: 1 | AI11: -5.1464216 | AJ11: -4.595818 | AK11: 1 | AL11: -5.4012828 | AM11: -4.8883707 | AN11: 1 | AO11: -3.434574 | AP11: -3.1184697 | AQ11: 1 | AR11: -3.64487 | AS11: -3.4174353 | AT11: 1 | AU11: -4.4046495 | AV11: -3.8794013 | AW11: 1 | AX11: -4.4417027 | AY11: -4.0819121 | AZ11: 1 | BA11: -4.582843 | BB11: -4.890966 | BC11: 0 | BD11: -3.9515062 | BE11: -3.5220769 | BF11: 1 | BG11: -4.1634343 | BH11: -3.8418518 | BI11: 1 | BJ11: -5.1390052 | BK11: -4.4972623 | BL11: 1 | BM11: -5.0754684 | BN11: -4.5702988 | BO11: 1 | BP11: -5.3785805 | BQ11: -4.8399958 | BR11: 1
A12: The room was unenclosed | B12: The room was open | C12: The room was not open | D12: 0 | E12: 89_0 | F12: =INDEX([1]train_xl!$H:$H,MATCH(E12,[1]train_xl!$G:$G,0)) -> as-as | G12: =INDEX([1]train_xl!$I:$I,MATCH(E12,[1]train_xl!$G:$G,0)) -> sim | H12: =INDEX([1]train_xl!$V:$V,MATCH(E12,[1]train_xl!$G:$G,0)) -> not | I12: =INDEX([2]Sheet1!$L:$L,MATCH(E12,[2]Sheet1!$I:$I,0)) -> intens | K12: -3.9750089 | L12: -4.0373355 | M12: 1 | N12: -3.9546864 | O12: -4.1481295 | P12: 1 | Q12: -4.6857446 | R12: -4.7722778 | S12: 1 | T12: -4.9658684 | U12: -4.9761823 | V12: 1 | W12: -5.3983515 | X12: -5.2634082 | Y12: 0 | Z12: -3.8202848 | AA12: -3.9770806 | AB12: 1 | AC12: -3.890411 | AD12: -4.1335024 | AE12: 1 | AF12: -4.5358801 | AG12: -4.7010646 | AH12: 1 | AI12: -4.942652 | AJ12: -4.8544651 | AK12: 0 | AL12: -5.2723393 | AM12: -5.1258457 | AN12: 0 | AO12: -3.3477987 | AP12: -3.5265397 | AQ12: 1 | AR12: -3.3400736 | AS12: -3.632601 | AT12: 1 | AU12: -3.8417813 | AV12: -4.018902 | AW12: 1 | AX12: -3.942774 | AY12: -4.037555 | AZ12: 1 | BA12: -4.3393957 | BB12: -4.261554 | BC12: 0 | BD12: -3.9602566 | BE12: -4.104999 | BF12: 1 | BG12: -4.0788185 | BH12: -4.3179543 | BI12: 1 | BJ12: -4.723841 | BK12: -4.8196571 | BL12: 1 | BM12: -5.2918263 | BN12: -5.1972403 | BO12: 0 | BP12: -5.7083241 | BQ12: -5.4760786 | BR12: 0
A13: The room was enclosed | B13: The room was open | C13: The room was not open | D13: 1 | E13: 89_1 | F13: =INDEX([1]train_xl!$H:$H,MATCH(E13,[1]train_xl!$G:$G,0)) -> as-as | G13: =INDEX([1]train_xl!$I:$I,MATCH(E13,[1]train_xl!$G:$G,0)) -> sim | H13: =INDEX([1]train_xl!$V:$V,MATCH(E13,[1]train_xl!$G:$G,0)) -> not | I13: =INDEX([2]Sheet1!$L:$L,MATCH(E13,[2]Sheet1!$I:$I,0)) -> neg | K13: -4.292913 | L13: -3.8690768 | M13: 1 | N13: -4.4930376 | O13: -4.0005557 | P13: 1 | Q13: -5.3158571 | R13: -4.692081 | S13: 1 | T13: -5.3584551 | U13: -5.0716504 | V13: 1 | W13: -5.9724519 | X13: -5.614173 | Y13: 1 | Z13: -4.7230076 | AA13: -4.1467091 | AB13: 1 | AC13: -4.9851789 | AD13: -4.3703204 | AE13: 1 | AF13: -5.8088895 | AG13: -4.9875391 | AH13: 1 | AI13: -5.9363359 | AJ13: -5.4822957 | AK13: 1 | AL13: -6.2606793 | AM13: -5.7778102 | AN13: 1 | AO13: -3.991225 | AP13: -3.498021 | AQ13: 1 | AR13: -4.1188851 | AS13: -3.5596828 | AT13: 1 | AU13: -4.5803659 | AV13: -3.9733635 | AW13: 1 | AX13: -4.6017278 | AY13: -4.3646105 | AZ13: 1 | BA13: -5.0146022 | BB13: -4.7047569 | BC13: 1 | BD13: -4.7380179 | BE13: -4.153413 | BF13: 1 | BG13: -5.058124 | BH13: -4.4390299 | BI13: 1 | BJ13: -5.8401484 | BK13: -5.0366305 | BL13: 1 | BM13: -5.9067127 | BN13: -5.5623495 | BO13: 1 | BP13: -6.3227246 | BQ13: -5.8540003 | BR13: 1
... A257: That monster was harmless | B257: That monster was scary | C257: That monster was not scary | D257: 1 | E257: X39_1 | F257: =INDEX([1]train_xl!$H:$H,MATCH(E257,[1]train_xl!$G:$G,0)) -> as-as | G257: =INDEX([1]train_xl!$I:$I,MATCH(E257,[1]train_xl!$G:$G,0)) -> sim | H257: =INDEX([1]train_xl!$V:$V,MATCH(E257,[1]train_xl!$G:$G,0)) -> not | I257: =INDEX([2]Sheet1!$L:$L,MATCH(E257,[2]Sheet1!$I:$I,0)) -> neg | K257: -4.2580018 | L257: -3.830239 | M257: 1 | N257: -4.6508619 | O257: -3.878349 | P257: 1 | Q257: -5.3037884 | R257: -4.6572113 | S257: 1 | T257: -4.8329494 | U257: -4.5325692 | V257: 1 | W257: -5.1165774 | X257: -4.7589663 | Y257: 1 | Z257: -5.2435965 | AA257: -4.7449049 | AB257: 1 | AC257: -5.5118278 | AD257: -4.7583961 | AE257: 1 | AF257: -6.2038482 | AG257: -5.5664552 | AH257: 1 | AI257: -6.2996677 | AJ257: -5.801899 | AK257: 1 | AL257: -6.4148054 | AM257: -5.9255136 | AN257: 1 | AO257: -4.5337416 | AP257: -4.0780561 | AQ257: 1 | AR257: -4.6794109 | AS257: -4.071267 | AT257: 1 | AU257: -5.5273368 | AV257: -4.9097967 | AW257: 1 | AX257: -5.6462607 | AY257: -4.8882245 | AZ257: 1 | BA257: -5.5969648 | BB257: -5.089631 | BC257: 1 | BD257: -5.2591001 | BE257: -4.7646234 | BF257: 1 | BG257: -5.5447469 | BH257: -4.678213 | BI257: 1 | BJ257: -6.173773 | BK257: -5.5083382 | BL257: 1 | BM257: -6.2430016 | BN257: -5.7679123 | BO257: 1 | BP257: -6.5346558 | BQ257: -6.0408889 | BR257: 1

Sheet Summary
C1: all | D1: sim neg | E1: sim intens | F1: neg not | G1: intens not | H1: neg antonym | I1: intens antonym
A2: 3 | B2: {=LEFT(INDEX(test_output!K:FU,1,A2),LEN(INDEX(test_output!K:FU,1,A2))-4)} -> Llama-3-70B-Instruct M1 | C2: =AVERAGE(INDEX(test_output!K:FZ,0,A2)) -> 0.79296875 | D2: {=AVERAGE(_xlfn._xlws.FILTER(INDEX(test_output!K:FZ,0,A2),test_output!I:I="neg"))} -> 0.953125 | E2: {=AVERAGE(_xlfn._xlws.FILTER(INDEX(test_output!K:FZ,0,A2),test_output!I:I="intens"))} -> 0.6328125 | F2: {=AVERAGE(_xlfn._xlws.FILTER(INDEX(test_output!K:FZ,0,A2),(test_output!I:I="neg")*(test_output!H:H="not")))} -> 0.96261682 | G2: {=AVERAGE(_xlfn._xlws.FILTER(INDEX(test_output!K:FZ,0,A2),(test_output!I:I="intens")*(test_output!H:H="not")))} -> 0.63551402 | H2: {=AVERAGE(_xlfn._xlws.FILTER(INDEX(test_output!K:FZ,0,A2),(test_output!I:I="neg")*(test_output!H:H="antonym")))} -> 0.89473684 | I2: {=AVERAGE(_xlfn._xlws.FILTER(INDEX(test_output!K:FZ,0,A2),(test_output!I:I="intens")*(test_output!H:H="antonym")))} -> 0.57894737
A3: =A2+3 -> 6 | B3: {=LEFT(INDEX(test_output!K:FU,1,A3),LEN(INDEX(test_output!K:FU,1,A3))-4)} -> Llama-3-70B-Instruct M2 | C3: =AVERAGE(INDEX(test_output!K:FZ,0,A3)) -> 0.82421875 | D3: {=AVERAGE(_xlfn._xlws.FILTER(INDEX(test_output!K:FZ,0,A3),test_output!I:I="neg"))} -> 0.9609375 | E3: {=AVERAGE(_xlfn._xlws.FILTER(INDEX(test_output!K:FZ,0,A3),test_output!I:I="intens"))} -> 0.6875 | F3: {=AVERAGE(_xlfn._xlws.FILTER(INDEX(test_output!K:FZ,0,A3),(test_output!I:I="neg")*(test_output!H:H="not")))} -> 0.97196262 | G3: {=AVERAGE(_xlfn._xlws.FILTER(INDEX(test_output!K:FZ,0,A3),(test_output!I:I="intens")*(test_output!H:H="not")))} -> 0.70093458 | H3: {=AVERAGE(_xlfn._xlws.FILTER(INDEX(test_output!K:FZ,0,A3),(test_output!I:I="neg")*(test_output!H:H="antonym")))} -> 0.89473684 | I3: {=AVERAGE(_xlfn._xlws.FILTER(INDEX(test_output!K:FZ,0,A3),(test_output!I:I="intens")*(test_output!H:H="antonym")))} -> 0.57894737
A4: =A3+3 -> 9 | B4: {=LEFT(INDEX(test_output!K:FU,1,A4),LEN(INDEX(test_output!K:FU,1,A4))-4)} -> Llama-3-70B-Instruct M3 | C4: =AVERAGE(INDEX(test_output!K:FZ,0,A4)) -> 0.7578125 | D4: {=AVERAGE(_xlfn._xlws.FILTER(INDEX(test_output!K:FZ,0,A4),test_output!I:I="neg"))} -> 0.9609375 | E4: {=AVERAGE(_xlfn._xlws.FILTER(INDEX(test_output!K:FZ,0,A4),test_output!I:I="intens"))} -> 0.5546875 | F4: {=AVERAGE(_xlfn._xlws.FILTER(INDEX(test_output!K:FZ,0,A4),(test_output!I:I="neg")*(test_output!H:H="not")))} -> 0.97196262 | G4: {=AVERAGE(_xlfn._xlws.FILTER(INDEX(test_output!K:FZ,0,A4),(test_output!I:I="intens")*(test_output!H:H="not")))} -> 0.55140187 | H4: {=AVERAGE(_xlfn._xlws.FILTER(INDEX(test_output!K:FZ,0,A4),(test_output!I:I="neg")*(test_output!H:H="antonym")))} -> 0.89473684 | I4: {=AVERAGE(_xlfn._xlws.FILTER(INDEX(test_output!K:FZ,0,A4),(test_output!I:I="intens")*(test_output!H:H="antonym")))} -> 0.52631579
A5: =A4+3 -> 12 | B5: {=LEFT(INDEX(test_output!K:FU,1,A5),LEN(INDEX(test_output!K:FU,1,A5))-4)} -> Llama-3-70B-Instruct M4 | C5: =AVERAGE(INDEX(test_output!K:FZ,0,A5)) -> 0.7109375 | D5: {=AVERAGE(_xlfn._xlws.FILTER(INDEX(test_output!K:FZ,0,A5),test_output!I:I="neg"))} -> 0.890625 | E5: {=AVERAGE(_xlfn._xlws.FILTER(INDEX(test_output!K:FZ,0,A5),test_output!I:I="intens"))} -> 0.53125 | F5: {=AVERAGE(_xlfn._xlws.FILTER(INDEX(test_output!K:FZ,0,A5),(test_output!I:I="neg")*(test_output!H:H="not")))} -> 0.90654206 | G5: {=AVERAGE(_xlfn._xlws.FILTER(INDEX(test_output!K:FZ,0,A5),(test_output!I:I="intens")*(test_output!H:H="not")))} -> 0.51401869 | H5: {=AVERAGE(_xlfn._xlws.FILTER(INDEX(test_output!K:FZ,0,A5),(test_output!I:I="neg")*(test_output!H:H="antonym")))} -> 0.78947368 | I5: {=AVERAGE(_xlfn._xlws.FILTER(INDEX(test_output!K:FZ,0,A5),(test_output!I:I="intens")*(test_output!H:H="antonym")))} -> 0.57894737
A6: =A5+3 -> 15 | B6: {=LEFT(INDEX(test_output!K:FU,1,A6),LEN(INDEX(test_output!K:FU,1,A6))-4)} -> Llama-3-70B-Instruct M5 | C6: =AVERAGE(INDEX(test_output!K:FZ,0,A6)) -> 0.5703125 | D6: {=AVERAGE(_xlfn._xlws.FILTER(INDEX(test_output!K:FZ,0,A6),test_output!I:I="neg"))} -> 0.890625 | E6: {=AVERAGE(_xlfn._xlws.FILTER(INDEX(test_output!K:FZ,0,A6),test_output!I:I="intens"))} -> 0.25 | F6: {=AVERAGE(_xlfn._xlws.FILTER(INDEX(test_output!K:FZ,0,A6),(test_output!I:I="neg")*(test_output!H:H="not")))} -> 0.90654206 | G6: {=AVERAGE(_xlfn._xlws.FILTER(INDEX(test_output!K:FZ,0,A6),(test_output!I:I="intens")*(test_output!H:H="not")))} -> 0.23364486 | H6: {=AVERAGE(_xlfn._xlws.FILTER(INDEX(test_output!K:FZ,0,A6),(test_output!I:I="neg")*(test_output!H:H="antonym")))} -> 0.78947368 | I6: {=AVERAGE(_xlfn._xlws.FILTER(INDEX(test_output!K:FZ,0,A6),(test_output!I:I="intens")*(test_output!H:H="antonym")))} -> 0.36842105
A7: =A6+3 -> 18 | B7: {=LEFT(INDEX(test_output!K:FU,1,A7),LEN(INDEX(test_output!K:FU,1,A7))-4)} -> Llama-3.1-70B-Instruct M1 | C7: =AVERAGE(INDEX(test_output!K:FZ,0,A7)) -> 0.75 | D7: {=AVERAGE(_xlfn._xlws.FILTER(INDEX(test_output!K:FZ,0,A7),test_output!I:I="neg"))} -> 0.9453125 | E7: {=AVERAGE(_xlfn._xlws.FILTER(INDEX(test_output!K:FZ,0,A7),test_output!I:I="intens"))} -> 0.5546875 | F7: {=AVERAGE(_xlfn._xlws.FILTER(INDEX(test_output!K:FZ,0,A7),(test_output!I:I="neg")*(test_output!H:H="not")))} -> 0.94392523 | G7: {=AVERAGE(_xlfn._xlws.FILTER(INDEX(test_output!K:FZ,0,A7),(test_output!I:I="intens")*(test_output!H:H="not")))} -> 0.55140187 | H7: {=AVERAGE(_xlfn._xlws.FILTER(INDEX(test_output!K:FZ,0,A7),(test_output!I:I="neg")*(test_output!H:H="antonym")))} -> 0.94736842 | I7: {=AVERAGE(_xlfn._xlws.FILTER(INDEX(test_output!K:FZ,0,A7),(test_output!I:I="intens")*(test_output!H:H="antonym")))} -> 0.52631579
A8: =A7+3 -> 21 | B8: {=LEFT(INDEX(test_output!K:FU,1,A8),LEN(INDEX(test_output!K:FU,1,A8))-4)} -> Llama-3.1-70B-Instruct M2 | C8: =AVERAGE(INDEX(test_output!K:FZ,0,A8)) -> 0.79296875 | D8: {=AVERAGE(_xlfn._xlws.FILTER(INDEX(test_output!K:FZ,0,A8),test_output!I:I="neg"))} -> 0.96875 | E8: {=AVERAGE(_xlfn._xlws.FILTER(INDEX(test_output!K:FZ,0,A8),test_output!I:I="intens"))} -> 0.6171875 | F8: {=AVERAGE(_xlfn._xlws.FILTER(INDEX(test_output!K:FZ,0,A8),(test_output!I:I="neg")*(test_output!H:H="not")))} -> 0.98130841 | G8: {=AVERAGE(_xlfn._xlws.FILTER(INDEX(test_output!K:FZ,0,A8),(test_output!I:I="intens")*(test_output!H:H="not")))} -> 0.64485981 | H8: {=AVERAGE(_xlfn._xlws.FILTER(INDEX(test_output!K:FZ,0,A8),(test_output!I:I="neg")*(test_output!H:H="antonym")))} -> 0.89473684 | I8: {=AVERAGE(_xlfn._xlws.FILTER(INDEX(test_output!K:FZ,0,A8),(test_output!I:I="intens")*(test_output!H:H="antonym")))} -> 0.42105263
A9: =A8+3 -> 24 | B9: {=LEFT(INDEX(test_output!K:FU,1,A9),LEN(INDEX(test_output!K:FU,1,A9))-4)} -> Llama-3.1-70B-Instruct M3 | C9: =AVERAGE(INDEX(test_output!K:FZ,0,A9)) -> 0.71484375 | D9: {=AVERAGE(_xlfn._xlws.FILTER(INDEX(test_output!K:FZ,0,A9),test_output!I:I="neg"))} -> 0.96875 | E9: {=AVERAGE(_xlfn._xlws.FILTER(INDEX(test_output!K:FZ,0,A9),test_output!I:I="intens"))} -> 0.4609375 | F9: {=AVERAGE(_xlfn._xlws.FILTER(INDEX(test_output!K:FZ,0,A9),(test_output!I:I="neg")*(test_output!H:H="not")))} -> 0.98130841 | G9: {=AVERAGE(_xlfn._xlws.FILTER(INDEX(test_output!K:FZ,0,A9),(test_output!I:I="intens")*(test_output!H:H="not")))} -> 0.4953271 | H9: {=AVERAGE(_xlfn._xlws.FILTER(INDEX(test_output!K:FZ,0,A9),(test_output!I:I="neg")*(test_output!H:H="antonym")))} -> 0.89473684 | I9: {=AVERAGE(_xlfn._xlws.FILTER(INDEX(test_output!K:FZ,0,A9),(test_output!I:I="intens")*(test_output!H:H="antonym")))} -> 0.26315789
A10: =A9+3 -> 27 | B10: {=LEFT(INDEX(test_output!K:FU,1,A10),LEN(INDEX(test_output!K:FU,1,A10))-4)} -> Llama-3.1-70B-Instruct M4 | C10: =AVERAGE(INDEX(test_output!K:FZ,0,A10)) -> 0.64453125 | D10: {=AVERAGE(_xlfn._xlws.FILTER(INDEX(test_output!K:FZ,0,A10),test_output!I:I="neg"))} -> 0.9140625 | E10: {=AVERAGE(_xlfn._xlws.FILTER(INDEX(test_output!K:FZ,0,A10),test_output!I:I="intens"))} -> 0.375 | F10: {=AVERAGE(_xlfn._xlws.FILTER(INDEX(test_output!K:FZ,0,A10),(test_output!I:I="neg")*(test_output!H:H="not")))} -> 0.92523364 | G10: {=AVERAGE(_xlfn._xlws.FILTER(INDEX(test_output!K:FZ,0,A10),(test_output!I:I="intens")*(test_output!H:H="not")))} -> 0.39252336 | H10: {=AVERAGE(_xlfn._xlws.FILTER(INDEX(test_output!K:FZ,0,A10),(test_output!I:I="neg")*(test_output!H:H="antonym")))} -> 0.84210526 | I10: {=AVERAGE(_xlfn._xlws.FILTER(INDEX(test_output!K:FZ,0,A10),(test_output!I:I="intens")*(test_output!H:H="antonym")))} -> 0.26315789
A11: =A10+3 -> 30 | B11: {=LEFT(INDEX(test_output!K:FU,1,A11),LEN(INDEX(test_output!K:FU,1,A11))-4)} -> Llama-3.1-70B-Instruct M5 | C11: =AVERAGE(INDEX(test_output!K:FZ,0,A11)) -> 0.5625 | D11: {=AVERAGE(_xlfn._xlws.FILTER(INDEX(test_output!K:FZ,0,A11),test_output!I:I="neg"))} -> 0.9296875 | E11: {=AVERAGE(_xlfn._xlws.FILTER(INDEX(test_output!K:FZ,0,A11),test_output!I:I="intens"))} -> 0.1953125 | F11: {=AVERAGE(_xlfn._xlws.FILTER(INDEX(test_output!K:FZ,0,A11),(test_output!I:I="neg")*(test_output!H:H="not")))} -> 0.93457944 | G11: {=AVERAGE(_xlfn._xlws.FILTER(INDEX(test_output!K:FZ,0,A11),(test_output!I:I="intens")*(test_output!H:H="not")))} -> 0.20560748 | H11: {=AVERAGE(_xlfn._xlws.FILTER(INDEX(test_output!K:FZ,0,A11),(test_output!I:I="neg")*(test_output!H:H="antonym")))} -> 0.89473684 | I11: {=AVERAGE(_xlfn._xlws.FILTER(INDEX(test_output!K:FZ,0,A11),(test_output!I:I="intens")*(test_output!H:H="antonym")))} -> 0.15789474
A12: =A11+3 -> 33 | B12: {=LEFT(INDEX(test_output!K:FU,1,A12),LEN(INDEX(test_output!K:FU,1,A12))-4)} -> Llama-3.1-405B-Instruct M1 | C12: =AVERAGE(INDEX(test_output!K:FZ,0,A12)) -> 0.8046875 | D12: {=AVERAGE(_xlfn._xlws.FILTER(INDEX(test_output!K:FZ,0,A12),test_output!I:I="neg"))} -> 0.953125 | E12: {=AVERAGE(_xlfn._xlws.FILTER(INDEX(test_output!K:FZ,0,A12),test_output!I:I="intens"))} -> 0.65625 | F12: {=AVERAGE(_xlfn._xlws.FILTER(INDEX(test_output!K:FZ,0,A12),(test_output!I:I="neg")*(test_output!H:H="not")))} -> 0.96261682 | G12: {=AVERAGE(_xlfn._xlws.FILTER(INDEX(test_output!K:FZ,0,A12),(test_output!I:I="intens")*(test_output!H:H="not")))} -> 0.65420561 | H12: {=AVERAGE(_xlfn._xlws.FILTER(INDEX(test_output!K:FZ,0,A12),(test_output!I:I="neg")*(test_output!H:H="antonym")))} -> 0.89473684 | I12: {=AVERAGE(_xlfn._xlws.FILTER(INDEX(test_output!K:FZ,0,A12),(test_output!I:I="intens")*(test_output!H:H="antonym")))} -> 0.63157895
A13: =A12+3 -> 36 | B13: {=LEFT(INDEX(test_output!K:FU,1,A13),LEN(INDEX(test_output!K:FU,1,A13))-4)} -> Llama-3.1-405B-Instruct M2 | C13: =AVERAGE(INDEX(test_output!K:FZ,0,A13)) -> 0.85546875 | D13: {=AVERAGE(_xlfn._xlws.FILTER(INDEX(test_output!K:FZ,0,A13),test_output!I:I="neg"))} -> 0.96875 | E13: {=AVERAGE(_xlfn._xlws.FILTER(INDEX(test_output!K:FZ,0,A13),test_output!I:I="intens"))} -> 0.7421875 | F13: {=AVERAGE(_xlfn._xlws.FILTER(INDEX(test_output!K:FZ,0,A13),(test_output!I:I="neg")*(test_output!H:H="not")))} -> 0.98130841 | G13: {=AVERAGE(_xlfn._xlws.FILTER(INDEX(test_output!K:FZ,0,A13),(test_output!I:I="intens")*(test_output!H:H="not")))} -> 0.76635514 | H13: {=AVERAGE(_xlfn._xlws.FILTER(INDEX(test_output!K:FZ,0,A13),(test_output!I:I="neg")*(test_output!H:H="antonym")))} -> 0.89473684 | I13: {=AVERAGE(_xlfn._xlws.FILTER(INDEX(test_output!K:FZ,0,A13),(test_output!I:I="intens")*(test_output!H:H="antonym")))} -> 0.57894737
A14: =A13+3 -> 39 | B14: {=LEFT(INDEX(test_output!K:FU,1,A14),LEN(INDEX(test_output!K:FU,1,A14))-4)} -> Llama-3.1-405B-Instruct M3 | C14: =AVERAGE(INDEX(test_output!K:FZ,0,A14)) -> 0.765625 | D14: {=AVERAGE(_xlfn._xlws.FILTER(INDEX(test_output!K:FZ,0,A14),test_output!I:I="neg"))} -> 0.9609375 | E14: {=AVERAGE(_xlfn._xlws.FILTER(INDEX(test_output!K:FZ,0,A14),test_output!I:I="intens"))} -> 0.5703125 | F14: {=AVERAGE(_xlfn._xlws.FILTER(INDEX(test_output!K:FZ,0,A14),(test_output!I:I="neg")*(test_output!H:H="not")))} -> 0.97196262 | G14: {=AVERAGE(_xlfn._xlws.FILTER(INDEX(test_output!K:FZ,0,A14),(test_output!I:I="intens")*(test_output!H:H="not")))} -> 0.58878505 | H14: {=AVERAGE(_xlfn._xlws.FILTER(INDEX(test_output!K:FZ,0,A14),(test_output!I:I="neg")*(test_output!H:H="antonym")))} -> 0.89473684 | I14: {=AVERAGE(_xlfn._xlws.FILTER(INDEX(test_output!K:FZ,0,A14),(test_output!I:I="intens")*(test_output!H:H="antonym")))} -> 0.42105263
... A21: =A20+3 -> 60 | B21: {=LEFT(INDEX(test_output!K:FU,1,A21),LEN(INDEX(test_output!K:FU,1,A21))-4)} -> Llama-3.3-70B-Instruct M5 | C21: =AVERAGE(INDEX(test_output!K:FZ,0,A21)) -> 0.55078125 | D21: {=AVERAGE(_xlfn._xlws.FILTER(INDEX(test_output!K:FZ,0,A21),test_output!I:I="neg"))} -> 0.921875 | E21: {=AVERAGE(_xlfn._xlws.FILTER(INDEX(test_output!K:FZ,0,A21),test_output!I:I="intens"))} -> 0.1796875 | F21: {=AVERAGE(_xlfn._xlws.FILTER(INDEX(test_output!K:FZ,0,A21),(test_output!I:I="neg")*(test_output!H:H="not")))} -> 0.92523364 | G21: {=AVERAGE(_xlfn._xlws.FILTER(INDEX(test_output!K:FZ,0,A21),(test_output!I:I="intens")*(test_output!H:H="not")))} -> 0.18691589 | H21: {=AVERAGE(_xlfn._xlws.FILTER(INDEX(test_output!K:FZ,0,A21),(test_output!I:I="neg")*(test_output!H:H="antonym")))} -> 0.89473684 | I21: {=AVERAGE(_xlfn._xlws.FILTER(INDEX(test_output!K:FZ,0,A21),(test_output!I:I="intens")*(test_output!H:H="antonym")))} -> 0.15789474
A22: =A21+3 -> 63 | B22: {=LEFT(INDEX(test_output!K:FU,1,A22),LEN(INDEX(test_output!K:FU,1,A22))-4)} -> #VALUE! | C22: =AVERAGE(INDEX(test_output!K:FT,0,A22)) -> #DIV/0! | D22: {=AVERAGE(_xlfn._xlws.FILTER(INDEX(test_output!K:FT,0,A22),[1]train_xl!$I:$I="met"))} -> #DIV/0! | E22: {=AVERAGE(_xlfn._xlws.FILTER(INDEX(test_output!K:FT,0,A22),[1]train_xl!$I:$I="sim"))} -> #DIV/0! | F22: {=AVERAGE(_xlfn._xlws.FILTER(INDEX(test_output!K:FT,0,A22),[1]train_xl!$Y:$Y="not neg pair"))} -> #VALUE! | G22: {=AVERAGE(_xlfn._xlws.FILTER(INDEX(test_output!K:FT,0,A22),[1]train_xl!$Z:$Z=1))} -> #VALUE! | H22: {=AVERAGE(_xlfn._xlws.FILTER(INDEX(test_output!K:FT,0,A22),[1]train_xl!$AA:$AA="neg"))} -> #VALUE! | I22: {=AVERAGE(_xlfn._xlws.FILTER(INDEX(test_output!K:FT,0,A22),[1]train_xl!$AA:$AA="intens"))} -> #VALUE!
A23: =A22+3 -> 66 | B23: {=LEFT(INDEX(test_output!K:FU,1,A23),LEN(INDEX(test_output!K:FU,1,A23))-4)} -> #VALUE! | C23: =AVERAGE(INDEX(test_output!K:FT,0,A23)) -> #DIV/0! | D23: {=AVERAGE(_xlfn._xlws.FILTER(INDEX(test_output!K:FT,0,A23),[1]train_xl!$I:$I="met"))} -> #DIV/0! | E23: {=AVERAGE(_xlfn._xlws.FILTER(INDEX(test_output!K:FT,0,A23),[1]train_xl!$I:$I="sim"))} -> #DIV/0! | F23: {=AVERAGE(_xlfn._xlws.FILTER(INDEX(test_output!K:FT,0,A23),[1]train_xl!$Y:$Y="not neg pair"))} -> #VALUE! | G23: {=AVERAGE(_xlfn._xlws.FILTER(INDEX(test_output!K:FT,0,A23),[1]train_xl!$Z:$Z=1))} -> #VALUE! | H23: {=AVERAGE(_xlfn._xlws.FILTER(INDEX(test_output!K:FT,0,A23),[1]train_xl!$AA:$AA="neg"))} -> #VALUE! | I23: {=AVERAGE(_xlfn._xlws.FILTER(INDEX(test_output!K:FT,0,A23),[1]train_xl!$AA:$AA="intens"))} -> #VALUE!
A24: =A23+3 -> 69 | B24: {=LEFT(INDEX(test_output!K:FU,1,A24),LEN(INDEX(test_output!K:FU,1,A24))-4)} -> #VALUE! | C24: =AVERAGE(INDEX(test_output!K:FT,0,A24)) -> #DIV/0! | D24: {=AVERAGE(_xlfn._xlws.FILTER(INDEX(test_output!K:FT,0,A24),[1]train_xl!$I:$I="met"))} -> #DIV/0! | E24: {=AVERAGE(_xlfn._xlws.FILTER(INDEX(test_output!K:FT,0,A24),[1]train_xl!$I:$I="sim"))} -> #DIV/0! | F24: {=AVERAGE(_xlfn._xlws.FILTER(INDEX(test_output!K:FT,0,A24),[1]train_xl!$Y:$Y="not neg pair"))} -> #VALUE! | G24: {=AVERAGE(_xlfn._xlws.FILTER(INDEX(test_output!K:FT,0,A24),[1]train_xl!$Z:$Z=1))} -> #VALUE! | H24: {=AVERAGE(_xlfn._xlws.FILTER(INDEX(test_output!K:FT,0,A24),[1]train_xl!$AA:$AA="neg"))} -> #VALUE! | I24: {=AVERAGE(_xlfn._xlws.FILTER(INDEX(test_output!K:FT,0,A24),[1]train_xl!$AA:$AA="intens"))} -> #VALUE!
A25: =A24+3 -> 72 | B25: {=LEFT(INDEX(test_output!K:FU,1,A25),LEN(INDEX(test_output!K:FU,1,A25))-4)} -> #VALUE! | C25: =AVERAGE(INDEX(test_output!K:FT,0,A25)) -> #DIV/0! | D25: {=AVERAGE(_xlfn._xlws.FILTER(INDEX(test_output!K:FT,0,A25),[1]train_xl!$I:$I="met"))} -> #DIV/0! | E25: {=AVERAGE(_xlfn._xlws.FILTER(INDEX(test_output!K:FT,0,A25),[1]train_xl!$I:$I="sim"))} -> #DIV/0! | F25: {=AVERAGE(_xlfn._xlws.FILTER(INDEX(test_output!K:FT,0,A25),[1]train_xl!$Y:$Y="not neg pair"))} -> #VALUE! | G25: {=AVERAGE(_xlfn._xlws.FILTER(INDEX(test_output!K:FT,0,A25),[1]train_xl!$Z:$Z=1))} -> #VALUE! | H25: {=AVERAGE(_xlfn._xlws.FILTER(INDEX(test_output!K:FT,0,A25),[1]train_xl!$AA:$AA="neg"))} -> #VALUE! | I25: {=AVERAGE(_xlfn._xlws.FILTER(INDEX(test_output!K:FT,0,A25),[1]train_xl!$AA:$AA="intens"))} -> #VALUE!
A26: =A25+3 -> 75 | B26: {=LEFT(INDEX(test_output!K:FU,1,A26),LEN(INDEX(test_output!K:FU,1,A26))-4)} -> #VALUE! | C26: =AVERAGE(INDEX(test_output!K:FT,0,A26)) -> #DIV/0! | D26: {=AVERAGE(_xlfn._xlws.FILTER(INDEX(test_output!K:FT,0,A26),[1]train_xl!$I:$I="met"))} -> #DIV/0! | E26: {=AVERAGE(_xlfn._xlws.FILTER(INDEX(test_output!K:FT,0,A26),[1]train_xl!$I:$I="sim"))} -> #DIV/0! | F26: {=AVERAGE(_xlfn._xlws.FILTER(INDEX(test_output!K:FT,0,A26),[1]train_xl!$Y:$Y="not neg pair"))} -> #VALUE! | G26: {=AVERAGE(_xlfn._xlws.FILTER(INDEX(test_output!K:FT,0,A26),[1]train_xl!$Z:$Z=1))} -> #VALUE! | H26: {=AVERAGE(_xlfn._xlws.FILTER(INDEX(test_output!K:FT,0,A26),[1]train_xl!$AA:$AA="neg"))} -> #VALUE! | I26: {=AVERAGE(_xlfn._xlws.FILTER(INDEX(test_output!K:FT,0,A26),[1]train_xl!$AA:$AA="intens"))} -> #VALUE!
A27: =A26+3 -> 78 | B27: {=LEFT(INDEX(test_output!K:FU,1,A27),LEN(INDEX(test_output!K:FU,1,A27))-4)} -> #VALUE! | C27: =AVERAGE(INDEX(test_output!K:FT,0,A27)) -> #DIV/0! | D27: {=AVERAGE(_xlfn._xlws.FILTER(INDEX(test_output!K:FT,0,A27),[1]train_xl!$I:$I="met"))} -> #DIV/0! | E27: {=AVERAGE(_xlfn._xlws.FILTER(INDEX(test_output!K:FT,0,A27),[1]train_xl!$I:$I="sim"))} -> #DIV/0! | F27: {=AVERAGE(_xlfn._xlws.FILTER(INDEX(test_output!K:FT,0,A27),[1]train_xl!$Y:$Y="not neg pair"))} -> #VALUE! | G27: {=AVERAGE(_xlfn._xlws.FILTER(INDEX(test_output!K:FT,0,A27),[1]train_xl!$Z:$Z=1))} -> #VALUE! | H27: {=AVERAGE(_xlfn._xlws.FILTER(INDEX(test_output!K:FT,0,A27),[1]train_xl!$AA:$AA="neg"))} -> #VALUE! | I27: {=AVERAGE(_xlfn._xlws.FILTER(INDEX(test_output!K:FT,0,A27),[1]train_xl!$AA:$AA="intens"))} -> #VALUE!
A28: =A27+3 -> 81 | B28: {=LEFT(INDEX(test_output!K:FU,1,A28),LEN(INDEX(test_output!K:FU,1,A28))-4)} -> #VALUE! | C28: =AVERAGE(INDEX(test_output!K:FT,0,A28)) -> #DIV/0! | D28: {=AVERAGE(_xlfn._xlws.FILTER(INDEX(test_output!K:FT,0,A28),[1]train_xl!$I:$I="met"))} -> #DIV/0! | E28: {=AVERAGE(_xlfn._xlws.FILTER(INDEX(test_output!K:FT,0,A28),[1]train_xl!$I:$I="sim"))} -> #DIV/0! | F28: {=AVERAGE(_xlfn._xlws.FILTER(INDEX(test_output!K:FT,0,A28),[1]train_xl!$Y:$Y="not neg pair"))} -> #VALUE! | G28: {=AVERAGE(_xlfn._xlws.FILTER(INDEX(test_output!K:FT,0,A28),[1]train_xl!$Z:$Z=1))} -> #VALUE! | H28: {=AVERAGE(_xlfn._xlws.FILTER(INDEX(test_output!K:FT,0,A28),[1]train_xl!$AA:$AA="neg"))} -> #VALUE! | I28: {=AVERAGE(_xlfn._xlws.FILTER(INDEX(test_output!K:FT,0,A28),[1]train_xl!$AA:$AA="intens"))} -> #VALUE!
A29: =A28+3 -> 84 | B29: {=LEFT(INDEX(test_output!K:FU,1,A29),LEN(INDEX(test_output!K:FU,1,A29))-4)} -> #VALUE! | C29: =AVERAGE(INDEX(test_output!K:FT,0,A29)) -> #DIV/0! | D29: {=AVERAGE(_xlfn._xlws.FILTER(INDEX(test_output!K:FT,0,A29),[1]train_xl!$I:$I="met"))} -> #DIV/0! | E29: {=AVERAGE(_xlfn._xlws.FILTER(INDEX(test_output!K:FT,0,A29),[1]train_xl!$I:$I="sim"))} -> #DIV/0! | F29: {=AVERAGE(_xlfn._xlws.FILTER(INDEX(test_output!K:FT,0,A29),[1]train_xl!$Y:$Y="not neg pair"))} -> #VALUE! | G29: {=AVERAGE(_xlfn._xlws.FILTER(INDEX(test_output!K:FT,0,A29),[1]train_xl!$Z:$Z=1))} -> #VALUE! | H29: {=AVERAGE(_xlfn._xlws.FILTER(INDEX(test_output!K:FT,0,A29),[1]train_xl!$AA:$AA="neg"))} -> #VALUE! | I29: {=AVERAGE(_xlfn._xlws.FILTER(INDEX(test_output!K:FT,0,A29),[1]train_xl!$AA:$AA="intens"))} -> #VALUE!
A30: =A29+3 -> 87 | B30: {=LEFT(INDEX(test_output!K:FU,1,A30),LEN(INDEX(test_output!K:FU,1,A30))-4)} -> #VALUE! | C30: =AVERAGE(INDEX(test_output!K:FT,0,A30)) -> #DIV/0! | D30: {=AVERAGE(_xlfn._xlws.FILTER(INDEX(test_output!K:FT,0,A30),[1]train_xl!$I:$I="met"))} -> #DIV/0! | E30: {=AVERAGE(_xlfn._xlws.FILTER(INDEX(test_output!K:FT,0,A30),[1]train_xl!$I:$I="sim"))} -> #DIV/0! | F30: {=AVERAGE(_xlfn._xlws.FILTER(INDEX(test_output!K:FT,0,A30),[1]train_xl!$Y:$Y="not neg pair"))} -> #VALUE! | G30: {=AVERAGE(_xlfn._xlws.FILTER(INDEX(test_output!K:FT,0,A30),[1]train_xl!$Z:$Z=1))} -> #VALUE! | H30: {=AVERAGE(_xlfn._xlws.FILTER(INDEX(test_output!K:FT,0,A30),[1]train_xl!$AA:$AA="neg"))} -> #VALUE! | I30: {=AVERAGE(_xlfn._xlws.FILTER(INDEX(test_output!K:FT,0,A30),[1]train_xl!$AA:$AA="intens"))} -> #VALUE!
A31: =A30+3 -> 90 | B31: {=LEFT(INDEX(test_output!K:FU,1,A31),LEN(INDEX(test_output!K:FU,1,A31))-4)} -> #VALUE! | C31: =AVERAGE(INDEX(test_output!K:FT,0,A31)) -> #DIV/0! | D31: {=AVERAGE(_xlfn._xlws.FILTER(INDEX(test_output!K:FT,0,A31),[1]train_xl!$I:$I="met"))} -> #DIV/0! | E31: {=AVERAGE(_xlfn._xlws.FILTER(INDEX(test_output!K:FT,0,A31),[1]train_xl!$I:$I="sim"))} -> #DIV/0! | F31: {=AVERAGE(_xlfn._xlws.FILTER(INDEX(test_output!K:FT,0,A31),[1]train_xl!$Y:$Y="not neg pair"))} -> #VALUE! | G31: {=AVERAGE(_xlfn._xlws.FILTER(INDEX(test_output!K:FT,0,A31),[1]train_xl!$Z:$Z=1))} -> #VALUE! | H31: {=AVERAGE(_xlfn._xlws.FILTER(INDEX(test_output!K:FT,0,A31),[1]train_xl!$AA:$AA="neg"))} -> #VALUE! | I31: {=AVERAGE(_xlfn._xlws.FILTER(INDEX(test_output!K:FT,0,A31),[1]train_xl!$AA:$AA="intens"))} -> #VALUE!
A32: =A31+3 -> 93 | B32: {=LEFT(INDEX(test_output!K:FU,1,A32),LEN(INDEX(test_output!K:FU,1,A32))-4)} -> #VALUE! | C32: =AVERAGE(INDEX(test_output!K:FT,0,A32)) -> #DIV/0! | D32: {=AVERAGE(_xlfn._xlws.FILTER(INDEX(test_output!K:FT,0,A32),[1]train_xl!$I:$I="met"))} -> #DIV/0! | E32: {=AVERAGE(_xlfn._xlws.FILTER(INDEX(test_output!K:FT,0,A32),[1]train_xl!$I:$I="sim"))} -> #DIV/0! | F32: {=AVERAGE(_xlfn._xlws.FILTER(INDEX(test_output!K:FT,0,A32),[1]train_xl!$Y:$Y="not neg pair"))} -> #VALUE! | G32: {=AVERAGE(_xlfn._xlws.FILTER(INDEX(test_output!K:FT,0,A32),[1]train_xl!$Z:$Z=1))} -> #VALUE! | H32: {=AVERAGE(_xlfn._xlws.FILTER(INDEX(test_output!K:FT,0,A32),[1]train_xl!$AA:$AA="neg"))} -> #VALUE! | I32: {=AVERAGE(_xlfn._xlws.FILTER(INDEX(test_output!K:FT,0,A32),[1]train_xl!$AA:$AA="intens"))} -> #VALUE!
A33: =A32+3 -> 96 | B33: {=LEFT(INDEX(test_output!K:FU,1,A33),LEN(INDEX(test_output!K:FU,1,A33))-4)} -> #VALUE! | C33: =AVERAGE(INDEX(test_output!K:FT,0,A33)) -> #DIV/0! | D33: {=AVERAGE(_xlfn._xlws.FILTER(INDEX(test_output!K:FT,0,A33),[1]train_xl!$I:$I="met"))} -> #DIV/0! | E33: {=AVERAGE(_xlfn._xlws.FILTER(INDEX(test_output!K:FT,0,A33),[1]train_xl!$I:$I="sim"))} -> #DIV/0! | F33: {=AVERAGE(_xlfn._xlws.FILTER(INDEX(test_output!K:FT,0,A33),[1]train_xl!$Y:$Y="not neg pair"))} -> #VALUE! | G33: {=AVERAGE(_xlfn._xlws.FILTER(INDEX(test_output!K:FT,0,A33),[1]train_xl!$Z:$Z=1))} -> #VALUE! | H33: {=AVERAGE(_xlfn._xlws.FILTER(INDEX(test_output!K:FT,0,A33),[1]train_xl!$AA:$AA="neg"))} -> #VALUE! | I33: {=AVERAGE(_xlfn._xlws.FILTER(INDEX(test_output!K:FT,0,A33),[1]train_xl!$AA:$AA="intens"))} -> #VALUE!
... A56: =A55+3 -> 165 | B56: {=LEFT(INDEX(test_output!K:FU,1,A56),LEN(INDEX(test_output!K:FU,1,A56))-4)} -> #VALUE! | C56: =AVERAGE(INDEX(test_output!K:FT,0,A56)) -> #DIV/0! | D56: {=AVERAGE(_xlfn._xlws.FILTER(INDEX(test_output!K:FT,0,A56),[1]train_xl!$I:$I="met"))} -> #DIV/0! | E56: {=AVERAGE(_xlfn._xlws.FILTER(INDEX(test_output!K:FT,0,A56),[1]train_xl!$I:$I="sim"))} -> #DIV/0! | F56: {=AVERAGE(_xlfn._xlws.FILTER(INDEX(test_output!K:FT,0,A56),[1]train_xl!$Y:$Y="not neg pair"))} -> #VALUE! | G56: {=AVERAGE(_xlfn._xlws.FILTER(INDEX(test_output!K:FT,0,A56),[1]train_xl!$Z:$Z=1))} -> #VALUE! | H56: {=AVERAGE(_xlfn._xlws.FILTER(INDEX(test_output!K:FT,0,A56),[1]train_xl!$AA:$AA="neg"))} -> #VALUE! | I56: {=AVERAGE(_xlfn._xlws.FILTER(INDEX(test_output!K:FT,0,A56),[1]train_xl!$AA:$AA="intens"))} -> #VALUE!
A57: =A56+3 -> 168 | B57: {=RIGHT(INDEX(test_output!K:FU,1,A57),LEN(INDEX(test_output!K:FU,1,A57))-4)} -> #REF! | C57: =AVERAGE(INDEX(test_output!K:FT,0,A57)) -> #REF! | D57: {=AVERAGE(_xlfn._xlws.FILTER(INDEX(test_output!K:FT,0,A57),[3]train_xl!$I:$I="met"))} -> #REF! | E57: {=AVERAGE(_xlfn._xlws.FILTER(INDEX(test_output!K:FT,0,A57),[3]train_xl!$I:$I="sim"))} -> #REF! | F57: {=AVERAGE(_xlfn._xlws.FILTER(INDEX(test_output!K:FT,0,A57),[3]train_xl!$V:$V="not neg pair"))} -> #REF! | G57: {=AVERAGE(_xlfn._xlws.FILTER(INDEX(test_output!K:FT,0,A57),[3]train_xl!$W:$W=1))} -> #REF! | H57: {=AVERAGE(_xlfn._xlws.FILTER(INDEX(test_output!K:FT,0,A57),[3]train_xl!$X:$X="neg"))} -> #REF! | I57: {=AVERAGE(_xlfn._xlws.FILTER(INDEX(test_output!K:FT,0,A57),[3]train_xl!$X:$X="intens"))} -> #REF!
A58: =A57+3 -> 171 | B58: {=RIGHT(INDEX(test_output!K:FU,1,A58),LEN(INDEX(test_output!K:FU,1,A58))-4)} -> #REF! | C58: =AVERAGE(INDEX(test_output!K:FT,0,A58)) -> #REF! | D58: {=AVERAGE(_xlfn._xlws.FILTER(INDEX(test_output!K:FT,0,A58),[3]train_xl!$I:$I="met"))} -> #REF! | E58: {=AVERAGE(_xlfn._xlws.FILTER(INDEX(test_output!K:FT,0,A58),[3]train_xl!$I:$I="sim"))} -> #REF! | F58: {=AVERAGE(_xlfn._xlws.FILTER(INDEX(test_output!K:FT,0,A58),[3]train_xl!$V:$V="not neg pair"))} -> #REF! | G58: {=AVERAGE(_xlfn._xlws.FILTER(INDEX(test_output!K:FT,0,A58),[3]train_xl!$W:$W=1))} -> #REF! | H58: {=AVERAGE(_xlfn._xlws.FILTER(INDEX(test_output!K:FT,0,A58),[3]train_xl!$X:$X="neg"))} -> #REF! | I58: {=AVERAGE(_xlfn._xlws.FILTER(INDEX(test_output!K:FT,0,A58),[3]train_xl!$X:$X="intens"))} -> #REF!

Sheet counts for errors
B1: model | C1: all average | D1: all count total | E1: all count correct | F1: all lower interval | G1: all upper interval | H1: met average | I1: met count total | J1: met count correct | K1: met lower interval | L1: met upper interval | M1: sim average | N1: sim count total | O1: sim count correct | P1: sim lower interval | Q1: sim upper interval | R1: not neg pairs average | S1: not neg pairs count total | T1: not neg pairs count correct | U1: not neg pairs lower interval | V1: not neg pairs upper interval | W1: neg pairs average | X1: neg pairs count total | Y1: neg pairs count correct | Z1: neg pairs lower interval | AA1: neg pairs upper interval | AB1: neg average | AC1: neg count total | AD1: neg count correct | AE1: neg lower interval | AF1: neg upper interval | AG1: intens average | AH1: intens count total | AI1: intens count correct | AJ1: intens lower interval | AK1: intens upper interval | AL1: neg not average | AM1: neg not count total | AN1: neg not count correct | AO1: neg not lower interval | AP1: neg not upper interval | AQ1: intens not average | AR1: intens not count total | AS1: intens not count correct | AT1: intens not lower interval | AU1: intens not upper interval | AV1: neg antonym average | AW1: neg antonym count total | AX1: neg antonym count correct | AY1: neg antonym lower interval | AZ1: neg antonym upper interval | BA1: intens antonym average | BB1: intens antonym count total | BC1: intens antonym count correct | BD1: intens antonym lower interval | BE1: intens antonym upper interval | BF1: past tense average | BG1: past tense count total | BH1: past tense count correct | BI1: past tense lower interval | BJ1: past tense upper interval | BK1: present tense average | BL1: present tense count total | BM1: present tense count correct | BN1: present tense lower interval | BO1: present tense upper interval | BP1: low concreteness average | BQ1: low concreteness count total | BR1: low concreteness count correct | BS1: low concreteness lower interval | BT1: low concreteness upper interval | BU1: high concreteness average | BV1: high concreteness count total | BW1: high concreteness count correct | BX1: high concreteness lower interval | BY1: high concreteness upper interval | BZ1: litneg originals average | CA1: litneg originals count total | CB1: litneg originals count correct | CC1: litneg originals lower interval | CD1: litneg originals upper interval | CE1: litneg originals intens average | CF1: litneg originals intens count total | CG1: litneg originals intens count correct | CH1: litneg originals intens lower interval | CI1: litneg originals intens upper interval | CJ1: litneg originals neg average | CK1: litneg originals neg count total | CL1: litneg originals neg count correct | CM1: litneg originals neg lower interval | CN1: litneg originals neg upper interval
A2: 3 | B2: {=INDEX(test_output!K:FQ,1,A2)} -> Llama-3-70B-Instruct M1 bin | C2: =AVERAGE(INDEX(test_output!K:FP,0,A2)) -> 0.79296875 | D2: =COUNT(INDEX(test_output!K:FP,0,A2)) -> 256 | E2: {=COUNT(_xlfn._xlws.FILTER(INDEX(test_output!K:FP,0,A2),INDEX(test_output!K:FP,0,A2)=1))} -> 203 | H2: {=AVERAGE(_xlfn._xlws.FILTER(INDEX(test_output!K:FP,0,A2),[1]train_xl!$I:$I="met"))} -> 0.80851064 | I2: {=COUNT(_xlfn._xlws.FILTER(INDEX(test_output!K:FP,0,A2),[1]train_xl!$I:$I="met"))} -> 47 | J2: {=COUNT(_xlfn._xlws.FILTER(INDEX(test_output!K:FP,0,A2),([1]train_xl!$I:$I="met")*(INDEX(test_output!K:FP,0,A2)=1)))} -> 38 | M2: {=AVERAGE(_xlfn._xlws.FILTER(INDEX(test_output!K:FP,0,A2),[1]train_xl!$I:$I="sim"))} -> 0.78947368 | N2: {=COUNT(_xlfn._xlws.FILTER(INDEX(test_output!K:FP,0,A2),[1]train_xl!$I:$I="sim"))} -> 209 | O2: {=COUNT(_xlfn._xlws.FILTER(INDEX(test_output!K:FP,0,A2),([1]train_xl!$I:$I="sim")*(INDEX(test_output!K:FP,0,A2)=1)))} -> 165 | R2: {=AVERAGE(_xlfn._xlws.FILTER(INDEX(test_output!K:FP,0,A2),[1]train_xl!$Y:$Y="not neg pair"))} -> #VALUE! | S2: {=COUNT(_xlfn._xlws.FILTER(INDEX(test_output!K:FP,0,A2),[1]train_xl!$Y:$Y="not neg pair"))} -> 0 | T2: {=COUNT(_xlfn._xlws.FILTER(INDEX(test_output!K:FP,0,A2),([1]train_xl!$Y:$Y="not neg pair")*(INDEX(test_output!K:FP,0,A2)=1)))} -> 0 | W2: {=AVERAGE(_xlfn._xlws.FILTER(INDEX(test_output!K:FP,0,A2),OR([1]train_xl!$Y:$Y="not",[1]train_xl!$Y:$Y="antonym")))} -> #VALUE! | X2: {=COUNT(_xlfn._xlws.FILTER(INDEX(test_output!K:FP,0,A2),([1]train_xl!$Y:$Y="not")+([1]train_xl!$Y:$Y="antonym")))} -> 0 | Y2: {=COUNT(_xlfn._xlws.FILTER(INDEX(test_output!K:FP,0,A2),(INDEX(test_output!K:FP,0,A2)=1)*(([1]train_xl!$Y:$Y="not")+([1]train_xl!$Y:$Y="antonym"))))} -> 0 | AB2: {=AVERAGE(_xlfn._xlws.FILTER(INDEX(test_output!K:FP,0,A2),[1]train_xl!$AA:$AA="neg"))} -> #VALUE! | AC2: {=COUNT(_xlfn._xlws.FILTER(INDEX(test_output!K:FP,0,A2),[1]train_xl!$AA:$AA="neg"))} -> 0 | AD2: {=COUNT(_xlfn._xlws.FILTER(INDEX(test_output!K:FP,0,A2),([1]train_xl!$AA:$AA="neg")*(INDEX(test_output!K:FP,0,A2)=1)))} -> 0 | AG2: {=AVERAGE(_xlfn._xlws.FILTER(INDEX(test_output!K:FP,0,A2),[1]train_xl!$AA:$AA="intens"))} -> #VALUE! | AH2: {=COUNT(_xlfn._xlws.FILTER(INDEX(test_output!K:FP,0,A2),[1]train_xl!$AA:$AA="intens"))} -> 0 | AI2: {=COUNT(_xlfn._xlws.FILTER(INDEX(test_output!K:FP,0,A2),([1]train_xl!$AA:$AA="intens")*(INDEX(test_output!K:FP,0,A2)=1)))} -> 0 | AL2: {=AVERAGE(_xlfn._xlws.FILTER(INDEX(test_output!K:FP,0,A2),([1]train_xl!$Y:$Y="not")*([1]train_xl!$AA:$AA="neg")))} -> #VALUE! | AM2: {=COUNT(_xlfn._xlws.FILTER(INDEX(test_output!K:FP,0,A2),([1]train_xl!$Y:$Y="not")*([1]train_xl!$AA:$AA="neg")))} -> 0 | AN2: {=COUNT(_xlfn._xlws.FILTER(INDEX(test_output!K:FP,0,A2),([1]train_xl!$Y:$Y="not")*([1]train_xl!$AA:$AA="neg")*(INDEX(test_output!K:FP,0,A2)=1)))} -> 0 | AQ2: {=AVERAGE(_xlfn._xlws.FILTER(INDEX(test_output!K:FP,0,A2),([1]train_xl!$Y:$Y="not")*([1]train_xl!$AA:$AA="intens")))} -> #VALUE! | AR2: {=COUNT(_xlfn._xlws.FILTER(INDEX(test_output!K:FP,0,A2),([1]train_xl!$Y:$Y="not")*([1]train_xl!$AA:$AA="intens")))} -> 0 | AS2: {=COUNT(_xlfn._xlws.FILTER(INDEX(test_output!K:FP,0,A2),([1]train_xl!$Y:$Y="not")*([1]train_xl!$AA:$AA="intens")*(INDEX(test_output!K:FP,0,A2)=1)))} -> 0 | AV2: {=AVERAGE(_xlfn._xlws.FILTER(INDEX(test_output!K:FP,0,A2),([1]train_xl!$Y:$Y="antonym")*([1]train_xl!$AA:$AA="neg")))} -> #VALUE! | AW2: {=COUNT(_xlfn._xlws.FILTER(INDEX(test_output!K:FP,0,A2),([1]train_xl!$Y:$Y="antonym")*([1]train_xl!$AA:$AA="neg")))} -> 0 | AX2: {=COUNT(_xlfn._xlws.FILTER(INDEX(test_output!K:FP,0,A2),([1]train_xl!$Y:$Y="antonym")*([1]train_xl!$AA:$AA="neg")*(INDEX(test_output!K:FP,0,A2)=1)))} -> 0 | BA2: {=AVERAGE(_xlfn._xlws.FILTER(INDEX(test_output!K:FP,0,A2),([1]train_xl!$Y:$Y="antonym")*([1]train_xl!$AA:$AA="intens")))} -> #VALUE! | BB2: {=COUNT(_xlfn._xlws.FILTER(INDEX(test_output!K:FP,0,A2),([1]train_xl!$Y:$Y="antonym")*([1]train_xl!$AA:$AA="intens")))} -> 0 | BC2: {=COUNT(_xlfn._xlws.FILTER(INDEX(test_output!K:FP,0,A2),([1]train_xl!$Y:$Y="antonym")*([1]train_xl!$AA:$AA="intens")*(INDEX(test_output!K:FP,0,A2)=1)))} -> 0 | BF2: {=AVERAGE(_xlfn._xlws.FILTER(INDEX(test_output!K:FP,0,A2),[1]train_xl!$AB:$AB="Past"))} -> #VALUE! | BG2: {=COUNT(_xlfn._xlws.FILTER(INDEX(test_output!K:FP,0,A2),[1]train_xl!$AB:$AB="Past"))} -> 0 | BH2: {=COUNT(_xlfn._xlws.FILTER(INDEX(test_output!K:FP,0,A2),([1]train_xl!$AB:$AB="Past")*(INDEX(test_output!K:FP,0,A2)=1)))} -> 0 | BK2: {=AVERAGE(_xlfn._xlws.FILTER(INDEX(test_output!K:FP,0,A2),[1]train_xl!$AB:$AB="Pres"))} -> #VALUE! | BL2: {=COUNT(_xlfn._xlws.FILTER(INDEX(test_output!K:FP,0,A2),[1]train_xl!$AB:$AB="Pres"))} -> 0 | BM2: {=COUNT(_xlfn._xlws.FILTER(INDEX(test_output!K:FP,0,A2),([1]train_xl!$AB:$AB="Pres")*(INDEX(test_output!K:FP,0,A2)=1)))} -> 0 | BP2: {=AVERAGE(_xlfn._xlws.FILTER(INDEX(test_output!K:FP,0,A2),[1]train_xl!$AD:$AD="L"))} -> #VALUE! | BQ2: {=COUNT(_xlfn._xlws.FILTER(INDEX(test_output!K:FP,0,A2),[1]train_xl!$AD:$AD="L"))} -> 0 | BR2: {=COUNT(_xlfn._xlws.FILTER(INDEX(test_output!K:FP,0,A2),([1]train_xl!$AD:$AD="L")*(INDEX(test_output!K:FP,0,A2)=1)))} -> 0 | BU2: {=AVERAGE(_xlfn._xlws.FILTER(INDEX(test_output!K:FP,0,A2),[1]train_xl!$AD:$AD="H"))} -> #VALUE! | BV2: {=COUNT(_xlfn._xlws.FILTER(INDEX(test_output!K:FP,0,A2),[1]train_xl!$AD:$AD="H"))} -> 0 | BW2: {=COUNT(_xlfn._xlws.FILTER(INDEX(test_output!K:FP,0,A2),([1]train_xl!$AD:$AD="H")*(INDEX(test_output!K:FP,0,A2)=1)))} -> 0 | BZ2: {=AVERAGE(_xlfn._xlws.FILTER(INDEX(test_output!K:FP,0,A2),[1]train_xl!$AE:$AE=1))} -> #VALUE! | CA2: {=COUNT(_xlfn._xlws.FILTER(INDEX(test_output!K:FP,0,A2),[1]train_xl!$AE:$AE=1))} -> 0 | CB2: {=COUNT(_xlfn._xlws.FILTER(INDEX(test_output!K:FP,0,A2),([1]train_xl!$AE:$AE=1)*(INDEX(test_output!K:FP,0,A2)=1)))} -> 0 | CE2: {=AVERAGE(_xlfn._xlws.FILTER(INDEX(test_output!K:FP,0,A2),([1]train_xl!$AE:$AE=1)*([1]train_xl!$AA:$AA="intens")))} -> #VALUE! | CF2: {=COUNT(_xlfn._xlws.FILTER(INDEX(test_output!K:FP,0,A2),([1]train_xl!$AE:$AE=1)*([1]train_xl!$AA:$AA="intens")))} -> 0 | CG2: {=COUNT(_xlfn._xlws.FILTER(INDEX(test_output!K:FP,0,A2),([1]train_xl!$AE:$AE=1)*([1]train_xl!$AA:$AA="intens")*(INDEX(test_output!K:FP,0,A2)=1)))} -> 0 | CJ2: {=AVERAGE(_xlfn._xlws.FILTER(INDEX(test_output!K:FP,0,A2),([1]train_xl!$AE:$AE=1)*([1]train_xl!$AA:$AA="neg")))} -> #VALUE! | CK2: {=COUNT(_xlfn._xlws.FILTER(INDEX(test_output!K:FP,0,A2),([1]train_xl!$AE:$AE=1)*([1]train_xl!$AA:$AA="neg")))} -> 0 | CL2: {=COUNT(_xlfn._xlws.FILTER(INDEX(test_output!K:FP,0,A2),([1]train_xl!$AE:$AE=1)*([1]train_xl!$AA:$AA="neg")*(INDEX(test_output!K:FP,0,A2)=1)))} -> 0
A3: =A2+3 -> 6 | B3: {=INDEX(test_output!K:FQ,1,A3)} -> Llama-3-70B-Instruct M2 bin | C3: =AVERAGE(INDEX(test_output!K:FP,0,A3)) -> 0.82421875 | D3: =COUNT(INDEX(test_output!K:FP,0,A3)) -> 256 | E3: {=COUNT(_xlfn._xlws.FILTER(INDEX(test_output!K:FP,0,A3),INDEX(test_output!K:FP,0,A3)=1))} -> 211 | H3: {=AVERAGE(_xlfn._xlws.FILTER(INDEX(test_output!K:FP,0,A3),[1]train_xl!$I:$I="met"))} -> 0.87234043 | I3: {=COUNT(_xlfn._xlws.FILTER(INDEX(test_output!K:FP,0,A3),[1]train_xl!$I:$I="met"))} -> 47 | J3: {=COUNT(_xlfn._xlws.FILTER(INDEX(test_output!K:FP,0,A3),([1]train_xl!$I:$I="met")*(INDEX(test_output!K:FP,0,A3)=1)))} -> 41 | M3: {=AVERAGE(_xlfn._xlws.FILTER(INDEX(test_output!K:FP,0,A3),[1]train_xl!$I:$I="sim"))} -> 0.81339713 | N3: {=COUNT(_xlfn._xlws.FILTER(INDEX(test_output!K:FP,0,A3),[1]train_xl!$I:$I="sim"))} -> 209 | O3: {=COUNT(_xlfn._xlws.FILTER(INDEX(test_output!K:FP,0,A3),([1]train_xl!$I:$I="sim")*(INDEX(test_output!K:FP,0,A3)=1)))} -> 170 | AB3: {=AVERAGE(_xlfn._xlws.FILTER(INDEX(test_output!K:FP,0,A3),[1]train_xl!$AA:$AA="neg"))} -> #VALUE! | AC3: {=COUNT(_xlfn._xlws.FILTER(INDEX(test_output!K:FP,0,A3),[1]train_xl!$AA:$AA="neg"))} -> 0 | AD3: {=COUNT(_xlfn._xlws.FILTER(INDEX(test_output!K:FP,0,A3),([1]train_xl!$AA:$AA="neg")*(INDEX(test_output!K:FP,0,A3)=1)))} -> 0 | AG3: {=AVERAGE(_xlfn._xlws.FILTER(INDEX(test_output!K:FP,0,A3),[1]train_xl!$AA:$AA="intens"))} -> #VALUE! | AH3: {=COUNT(_xlfn._xlws.FILTER(INDEX(test_output!K:FP,0,A3),[1]train_xl!$AA:$AA="intens"))} -> 0 | AI3: {=COUNT(_xlfn._xlws.FILTER(INDEX(test_output!K:FP,0,A3),([1]train_xl!$AA:$AA="intens")*(INDEX(test_output!K:FP,0,A3)=1)))} -> 0 | AL3: {=AVERAGE(_xlfn._xlws.FILTER(INDEX(test_output!K:FP,0,A3),([1]train_xl!$Y:$Y="not")*([1]train_xl!$AA:$AA="neg")))} -> #VALUE! | AM3: {=COUNT(_xlfn._xlws.FILTER(INDEX(test_output!K:FP,0,A3),([1]train_xl!$Y:$Y="not")*([1]train_xl!$AA:$AA="neg")))} -> 0 | AN3: {=COUNT(_xlfn._xlws.FILTER(INDEX(test_output!K:FP,0,A3),([1]train_xl!$Y:$Y="not")*([1]train_xl!$AA:$AA="neg")*(INDEX(test_output!K:FP,0,A3)=1)))} -> 0 | AQ3: {=AVERAGE(_xlfn._xlws.FILTER(INDEX(test_output!K:FP,0,A3),([1]train_xl!$Y:$Y="not")*([1]train_xl!$AA:$AA="intens")))} -> #VALUE! | AR3: {=COUNT(_xlfn._xlws.FILTER(INDEX(test_output!K:FP,0,A3),([1]train_xl!$Y:$Y="not")*([1]train_xl!$AA:$AA="intens")))} -> 0 | AS3: {=COUNT(_xlfn._xlws.FILTER(INDEX(test_output!K:FP,0,A3),([1]train_xl!$Y:$Y="not")*([1]train_xl!$AA:$AA="intens")*(INDEX(test_output!K:FP,0,A3)=1)))} -> 0 | AV3: {=AVERAGE(_xlfn._xlws.FILTER(INDEX(test_output!K:FP,0,A3),([1]train_xl!$Y:$Y="antonym")*([1]train_xl!$AA:$AA="neg")))} -> #VALUE! | AW3: {=COUNT(_xlfn._xlws.FILTER(INDEX(test_output!K:FP,0,A3),([1]train_xl!$Y:$Y="antonym")*([1]train_xl!$AA:$AA="neg")))} -> 0 | AX3: {=COUNT(_xlfn._xlws.FILTER(INDEX(test_output!K:FP,0,A3),([1]train_xl!$Y:$Y="antonym")*([1]train_xl!$AA:$AA="neg")*(INDEX(test_output!K:FP,0,A3)=1)))} -> 0 | BA3: {=AVERAGE(_xlfn._xlws.FILTER(INDEX(test_output!K:FP,0,A3),([1]train_xl!$Y:$Y="antonym")*([1]train_xl!$AA:$AA="intens")))} -> #VALUE! | BB3: {=COUNT(_xlfn._xlws.FILTER(INDEX(test_output!K:FP,0,A3),([1]train_xl!$Y:$Y="antonym")*([1]train_xl!$AA:$AA="intens")))} -> 0 | BC3: {=COUNT(_xlfn._xlws.FILTER(INDEX(test_output!K:FP,0,A3),([1]train_xl!$Y:$Y="antonym")*([1]train_xl!$AA:$AA="intens")*(INDEX(test_output!K:FP,0,A3)=1)))} -> 0 | BF3: {=AVERAGE(_xlfn._xlws.FILTER(INDEX(test_output!K:FP,0,A3),[1]train_xl!$AB:$AB="Past"))} -> #VALUE! | BG3: {=COUNT(_xlfn._xlws.FILTER(INDEX(test_output!K:FP,0,A3),[1]train_xl!$AB:$AB="Past"))} -> 0 | BH3: {=COUNT(_xlfn._xlws.FILTER(INDEX(test_output!K:FP,0,A3),([1]train_xl!$AB:$AB="Past")*(INDEX(test_output!K:FP,0,A3)=1)))} -> 0 | BK3: {=AVERAGE(_xlfn._xlws.FILTER(INDEX(test_output!K:FP,0,A3),[1]train_xl!$AB:$AB="Pres"))} -> #VALUE! | BL3: {=COUNT(_xlfn._xlws.FILTER(INDEX(test_output!K:FP,0,A3),[1]train_xl!$AB:$AB="Pres"))} -> 0 | BM3: {=COUNT(_xlfn._xlws.FILTER(INDEX(test_output!K:FP,0,A3),([1]train_xl!$AB:$AB="Pres")*(INDEX(test_output!K:FP,0,A3)=1)))} -> 0 | BP3: {=AVERAGE(_xlfn._xlws.FILTER(INDEX(test_output!K:FP,0,A3),[1]train_xl!$AD:$AD="L"))} -> #VALUE! | BQ3: {=COUNT(_xlfn._xlws.FILTER(INDEX(test_output!K:FP,0,A3),[1]train_xl!$AD:$AD="L"))} -> 0 | BR3: {=COUNT(_xlfn._xlws.FILTER(INDEX(test_output!K:FP,0,A3),([1]train_xl!$AD:$AD="L")*(INDEX(test_output!K:FP,0,A3)=1)))} -> 0 | BU3: {=AVERAGE(_xlfn._xlws.FILTER(INDEX(test_output!K:FP,0,A3),[1]train_xl!$AD:$AD="H"))} -> #VALUE! | BV3: {=COUNT(_xlfn._xlws.FILTER(INDEX(test_output!K:FP,0,A3),[1]train_xl!$AD:$AD="H"))} -> 0 | BW3: {=COUNT(_xlfn._xlws.FILTER(INDEX(test_output!K:FP,0,A3),([1]train_xl!$AD:$AD="H")*(INDEX(test_output!K:FP,0,A3)=1)))} -> 0 | BZ3: {=AVERAGE(_xlfn._xlws.FILTER(INDEX(test_output!K:FP,0,A3),[1]train_xl!$AE:$AE=1))} -> #VALUE! | CA3: {=COUNT(_xlfn._xlws.FILTER(INDEX(test_output!K:FP,0,A3),[1]train_xl!$AE:$AE=1))} -> 0 | CB3: {=COUNT(_xlfn._xlws.FILTER(INDEX(test_output!K:FP,0,A3),([1]train_xl!$AE:$AE=1)*(INDEX(test_output!K:FP,0,A3)=1)))} -> 0 | CE3: {=AVERAGE(_xlfn._xlws.FILTER(INDEX(test_output!K:FP,0,A3),([1]train_xl!$AE:$AE=1)*([1]train_xl!$AA:$AA="intens")))} -> #VALUE! | CF3: {=COUNT(_xlfn._xlws.FILTER(INDEX(test_output!K:FP,0,A3),([1]train_xl!$AE:$AE=1)*([1]train_xl!$AA:$AA="intens")))} -> 0 | CG3: {=COUNT(_xlfn._xlws.FILTER(INDEX(test_output!K:FP,0,A3),([1]train_xl!$AE:$AE=1)*([1]train_xl!$AA:$AA="intens")*(INDEX(test_output!K:FP,0,A3)=1)))} -> 0 | CJ3: {=AVERAGE(_xlfn._xlws.FILTER(INDEX(test_output!K:FP,0,A3),([1]train_xl!$AE:$AE=1)*([1]train_xl!$AA:$AA="neg")))} -> #VALUE! | CK3: {=COUNT(_xlfn._xlws.FILTER(INDEX(test_output!K:FP,0,A3),([1]train_xl!$AE:$AE=1)*([1]train_xl!$AA:$AA="neg")))} -> 0 | CL3: {=COUNT(_xlfn._xlws.FILTER(INDEX(test_output!K:FP,0,A3),([1]train_xl!$AE:$AE=1)*([1]train_xl!$AA:$AA="neg")*(INDEX(test_output!K:FP,0,A3)=1)))} -> 0
A4: =A3+3 -> 9 | B4: {=INDEX(test_output!K:FQ,1,A4)} -> Llama-3-70B-Instruct M3 bin | C4: =AVERAGE(INDEX(test_output!K:FP,0,A4)) -> 0.7578125 | D4: =COUNT(INDEX(test_output!K:FP,0,A4)) -> 256 | E4: {=COUNT(_xlfn._xlws.FILTER(INDEX(test_output!K:FP,0,A4),INDEX(test_output!K:FP,0,A4)=1))} -> 194 | H4: {=AVERAGE(_xlfn._xlws.FILTER(INDEX(test_output!K:FP,0,A4),[1]train_xl!$I:$I="met"))} -> 0.78723404 | I4: {=COUNT(_xlfn._xlws.FILTER(INDEX(test_output!K:FP,0,A4),[1]train_xl!$I:$I="met"))} -> 47 | J4: {=COUNT(_xlfn._xlws.FILTER(INDEX(test_output!K:FP,0,A4),([1]train_xl!$I:$I="met")*(INDEX(test_output!K:FP,0,A4)=1)))} -> 37 | M4: {=AVERAGE(_xlfn._xlws.FILTER(INDEX(test_output!K:FP,0,A4),[1]train_xl!$I:$I="sim"))} -> 0.75119617 | N4: {=COUNT(_xlfn._xlws.FILTER(INDEX(test_output!K:FP,0,A4),[1]train_xl!$I:$I="sim"))} -> 209 | O4: {=COUNT(_xlfn._xlws.FILTER(INDEX(test_output!K:FP,0,A4),([1]train_xl!$I:$I="sim")*(INDEX(test_output!K:FP,0,A4)=1)))} -> 157 | AB4: {=AVERAGE(_xlfn._xlws.FILTER(INDEX(test_output!K:FP,0,A4),[1]train_xl!$AA:$AA="neg"))} -> #VALUE! | AC4: {=COUNT(_xlfn._xlws.FILTER(INDEX(test_output!K:FP,0,A4),[1]train_xl!$AA:$AA="neg"))} -> 0 | AD4: {=COUNT(_xlfn._xlws.FILTER(INDEX(test_output!K:FP,0,A4),([1]train_xl!$AA:$AA="neg")*(INDEX(test_output!K:FP,0,A4)=1)))} -> 0 | AG4: {=AVERAGE(_xlfn._xlws.FILTER(INDEX(test_output!K:FP,0,A4),[1]train_xl!$AA:$AA="intens"))} -> #VALUE! | AH4: {=COUNT(_xlfn._xlws.FILTER(INDEX(test_output!K:FP,0,A4),[1]train_xl!$AA:$AA="intens"))} -> 0 | AI4: {=COUNT(_xlfn._xlws.FILTER(INDEX(test_output!K:FP,0,A4),([1]train_xl!$AA:$AA="intens")*(INDEX(test_output!K:FP,0,A4)=1)))} -> 0 | AL4: {=AVERAGE(_xlfn._xlws.FILTER(INDEX(test_output!K:FP,0,A4),([1]train_xl!$Y:$Y="not")*([1]train_xl!$AA:$AA="neg")))} -> #VALUE! | AM4: {=COUNT(_xlfn._xlws.FILTER(INDEX(test_output!K:FP,0,A4),([1]train_xl!$Y:$Y="not")*([1]train_xl!$AA:$AA="neg")))} -> 0 | AN4: {=COUNT(_xlfn._xlws.FILTER(INDEX(test_output!K:FP,0,A4),([1]train_xl!$Y:$Y="not")*([1]train_xl!$AA:$AA="neg")*(INDEX(test_output!K:FP,0,A4)=1)))} -> 0 | AQ4: {=AVERAGE(_xlfn._xlws.FILTER(INDEX(test_output!K:FP,0,A4),([1]train_xl!$Y:$Y="not")*([1]train_xl!$AA:$AA="intens")))} -> #VALUE! | AR4: {=COUNT(_xlfn._xlws.FILTER(INDEX(test_output!K:FP,0,A4),([1]train_xl!$Y:$Y="not")*([1]train_xl!$AA:$AA="intens")))} -> 0 | AS4: {=COUNT(_xlfn._xlws.FILTER(INDEX(test_output!K:FP,0,A4),([1]train_xl!$Y:$Y="not")*([1]train_xl!$AA:$AA="intens")*(INDEX(test_output!K:FP,0,A4)=1)))} -> 0 | AV4: {=AVERAGE(_xlfn._xlws.FILTER(INDEX(test_output!K:FP,0,A4),([1]train_xl!$Y:$Y="antonym")*([1]train_xl!$AA:$AA="neg")))} -> #VALUE! | AW4: {=COUNT(_xlfn._xlws.FILTER(INDEX(test_output!K:FP,0,A4),([1]train_xl!$Y:$Y="antonym")*([1]train_xl!$AA:$AA="neg")))} -> 0 | AX4: {=COUNT(_xlfn._xlws.FILTER(INDEX(test_output!K:FP,0,A4),([1]train_xl!$Y:$Y="antonym")*([1]train_xl!$AA:$AA="neg")*(INDEX(test_output!K:FP,0,A4)=1)))} -> 0 | BA4: {=AVERAGE(_xlfn._xlws.FILTER(INDEX(test_output!K:FP,0,A4),([1]train_xl!$Y:$Y="antonym")*([1]train_xl!$AA:$AA="intens")))} -> #VALUE! | BB4: {=COUNT(_xlfn._xlws.FILTER(INDEX(test_output!K:FP,0,A4),([1]train_xl!$Y:$Y="antonym")*([1]train_xl!$AA:$AA="intens")))} -> 0 | BC4: {=COUNT(_xlfn._xlws.FILTER(INDEX(test_output!K:FP,0,A4),([1]train_xl!$Y:$Y="antonym")*([1]train_xl!$AA:$AA="intens")*(INDEX(test_output!K:FP,0,A4)=1)))} -> 0 | BF4: {=AVERAGE(_xlfn._xlws.FILTER(INDEX(test_output!K:FP,0,A4),[1]train_xl!$AB:$AB="Past"))} -> #VALUE! | BG4: {=COUNT(_xlfn._xlws.FILTER(INDEX(test_output!K:FP,0,A4),[1]train_xl!$AB:$AB="Past"))} -> 0 | BH4: {=COUNT(_xlfn._xlws.FILTER(INDEX(test_output!K:FP,0,A4),([1]train_xl!$AB:$AB="Past")*(INDEX(test_output!K:FP,0,A4)=1)))} -> 0 | BK4: {=AVERAGE(_xlfn._xlws.FILTER(INDEX(test_output!K:FP,0,A4),[1]train_xl!$AB:$AB="Pres"))} -> #VALUE! | BL4: {=COUNT(_xlfn._xlws.FILTER(INDEX(test_output!K:FP,0,A4),[1]train_xl!$AB:$AB="Pres"))} -> 0 | BM4: {=COUNT(_xlfn._xlws.FILTER(INDEX(test_output!K:FP,0,A4),([1]train_xl!$AB:$AB="Pres")*(INDEX(test_output!K:FP,0,A4)=1)))} -> 0 | BP4: {=AVERAGE(_xlfn._xlws.FILTER(INDEX(test_output!K:FP,0,A4),[1]train_xl!$AD:$AD="L"))} -> #VALUE! | BQ4: {=COUNT(_xlfn._xlws.FILTER(INDEX(test_output!K:FP,0,A4),[1]train_xl!$AD:$AD="L"))} -> 0 | BR4: {=COUNT(_xlfn._xlws.FILTER(INDEX(test_output!K:FP,0,A4),([1]train_xl!$AD:$AD="L")*(INDEX(test_output!K:FP,0,A4)=1)))} -> 0 | BU4: {=AVERAGE(_xlfn._xlws.FILTER(INDEX(test_output!K:FP,0,A4),[1]train_xl!$AD:$AD="H"))} -> #VALUE! | BV4: {=COUNT(_xlfn._xlws.FILTER(INDEX(test_output!K:FP,0,A4),[1]train_xl!$AD:$AD="H"))} -> 0 | BW4: {=COUNT(_xlfn._xlws.FILTER(INDEX(test_output!K:FP,0,A4),([1]train_xl!$AD:$AD="H")*(INDEX(test_output!K:FP,0,A4)=1)))} -> 0 | BZ4: {=AVERAGE(_xlfn._xlws.FILTER(INDEX(test_output!K:FP,0,A4),[1]train_xl!$AE:$AE=1))} -> #VALUE! | CA4: {=COUNT(_xlfn._xlws.FILTER(INDEX(test_output!K:FP,0,A4),[1]train_xl!$AE:$AE=1))} -> 0 | CB4: {=COUNT(_xlfn._xlws.FILTER(INDEX(test_output!K:FP,0,A4),([1]train_xl!$AE:$AE=1)*(INDEX(test_output!K:FP,0,A4)=1)))} -> 0 | CE4: {=AVERAGE(_xlfn._xlws.FILTER(INDEX(test_output!K:FP,0,A4),([1]train_xl!$AE:$AE=1)*([1]train_xl!$AA:$AA="intens")))} -> #VALUE! | CF4: {=COUNT(_xlfn._xlws.FILTER(INDEX(test_output!K:FP,0,A4),([1]train_xl!$AE:$AE=1)*([1]train_xl!$AA:$AA="intens")))} -> 0 | CG4: {=COUNT(_xlfn._xlws.FILTER(INDEX(test_output!K:FP,0,A4),([1]train_xl!$AE:$AE=1)*([1]train_xl!$AA:$AA="intens")*(INDEX(test_output!K:FP,0,A4)=1)))} -> 0 | CJ4: {=AVERAGE(_xlfn._xlws.FILTER(INDEX(test_output!K:FP,0,A4),([1]train_xl!$AE:$AE=1)*([1]train_xl!$AA:$AA="neg")))} -> #VALUE! | CK4: {=COUNT(_xlfn._xlws.FILTER(INDEX(test_output!K:FP,0,A4),([1]train_xl!$AE:$AE=1)*([1]train_xl!$AA:$AA="neg")))} -> 0 | CL4: {=COUNT(_xlfn._xlws.FILTER(INDEX(test_output!K:FP,0,A4),([1]train_xl!$AE:$AE=1)*([1]train_xl!$AA:$AA="neg")*(INDEX(test_output!K:FP,0,A4)=1)))} -> 0
A5: =A4+3 -> 12 | B5: {=INDEX(test_output!K:FQ,1,A5)} -> Llama-3-70B-Instruct M4 bin | C5: =AVERAGE(INDEX(test_output!K:FP,0,A5)) -> 0.7109375 | D5: =COUNT(INDEX(test_output!K:FP,0,A5)) -> 256 | E5: {=COUNT(_xlfn._xlws.FILTER(INDEX(test_output!K:FP,0,A5),INDEX(test_output!K:FP,0,A5)=1))} -> 182 | H5: {=AVERAGE(_xlfn._xlws.FILTER(INDEX(test_output!K:FP,0,A5),[1]train_xl!$I:$I="met"))} -> 0.74468085 | I5: {=COUNT(_xlfn._xlws.FILTER(INDEX(test_output!K:FP,0,A5),[1]train_xl!$I:$I="met"))} -> 47 | J5: {=COUNT(_xlfn._xlws.FILTER(INDEX(test_output!K:FP,0,A5),([1]train_xl!$I:$I="met")*(INDEX(test_output!K:FP,0,A5)=1)))} -> 35 | M5: {=AVERAGE(_xlfn._xlws.FILTER(INDEX(test_output!K:FP,0,A5),[1]train_xl!$I:$I="sim"))} -> 0.70334928 | N5: {=COUNT(_xlfn._xlws.FILTER(INDEX(test_output!K:FP,0,A5),[1]train_xl!$I:$I="sim"))} -> 209 | O5: {=COUNT(_xlfn._xlws.FILTER(INDEX(test_output!K:FP,0,A5),([1]train_xl!$I:$I="sim")*(INDEX(test_output!K:FP,0,A5)=1)))} -> 147 | AB5: {=AVERAGE(_xlfn._xlws.FILTER(INDEX(test_output!K:FP,0,A5),[1]train_xl!$AA:$AA="neg"))} -> #VALUE! | AC5: {=COUNT(_xlfn._xlws.FILTER(INDEX(test_output!K:FP,0,A5),[1]train_xl!$AA:$AA="neg"))} -> 0 | AD5: {=COUNT(_xlfn._xlws.FILTER(INDEX(test_output!K:FP,0,A5),([1]train_xl!$AA:$AA="neg")*(INDEX(test_output!K:FP,0,A5)=1)))} -> 0 | AG5: {=AVERAGE(_xlfn._xlws.FILTER(INDEX(test_output!K:FP,0,A5),[1]train_xl!$AA:$AA="intens"))} -> #VALUE! | AH5: {=COUNT(_xlfn._xlws.FILTER(INDEX(test_output!K:FP,0,A5),[1]train_xl!$AA:$AA="intens"))} -> 0 | AI5: {=COUNT(_xlfn._xlws.FILTER(INDEX(test_output!K:FP,0,A5),([1]train_xl!$AA:$AA="intens")*(INDEX(test_output!K:FP,0,A5)=1)))} -> 0 | AL5: {=AVERAGE(_xlfn._xlws.FILTER(INDEX(test_output!K:FP,0,A5),([1]train_xl!$Y:$Y="not")*([1]train_xl!$AA:$AA="neg")))} -> #VALUE! | AM5: {=COUNT(_xlfn._xlws.FILTER(INDEX(test_output!K:FP,0,A5),([1]train_xl!$Y:$Y="not")*([1]train_xl!$AA:$AA="neg")))} -> 0 | AN5: {=COUNT(_xlfn._xlws.FILTER(INDEX(test_output!K:FP,0,A5),([1]train_xl!$Y:$Y="not")*([1]train_xl!$AA:$AA="neg")*(INDEX(test_output!K:FP,0,A5)=1)))} -> 0 | AQ5: {=AVERAGE(_xlfn._xlws.FILTER(INDEX(test_output!K:FP,0,A5),([1]train_xl!$Y:$Y="not")*([1]train_xl!$AA:$AA="intens")))} -> #VALUE! | AR5: {=COUNT(_xlfn._xlws.FILTER(INDEX(test_output!K:FP,0,A5),([1]train_xl!$Y:$Y="not")*([1]train_xl!$AA:$AA="intens")))} -> 0 | AS5: {=COUNT(_xlfn._xlws.FILTER(INDEX(test_output!K:FP,0,A5),([1]train_xl!$Y:$Y="not")*([1]train_xl!$AA:$AA="intens")*(INDEX(test_output!K:FP,0,A5)=1)))} -> 0 | AV5: {=AVERAGE(_xlfn._xlws.FILTER(INDEX(test_output!K:FP,0,A5),([1]train_xl!$Y:$Y="antonym")*([1]train_xl!$AA:$AA="neg")))} -> #VALUE! | AW5: {=COUNT(_xlfn._xlws.FILTER(INDEX(test_output!K:FP,0,A5),([1]train_xl!$Y:$Y="antonym")*([1]train_xl!$AA:$AA="neg")))} -> 0 | AX5: {=COUNT(_xlfn._xlws.FILTER(INDEX(test_output!K:FP,0,A5),([1]train_xl!$Y:$Y="antonym")*([1]train_xl!$AA:$AA="neg")*(INDEX(test_output!K:FP,0,A5)=1)))} -> 0 | BA5: {=AVERAGE(_xlfn._xlws.FILTER(INDEX(test_output!K:FP,0,A5),([1]train_xl!$Y:$Y="antonym")*([1]train_xl!$AA:$AA="intens")))} -> #VALUE! | BB5: {=COUNT(_xlfn._xlws.FILTER(INDEX(test_output!K:FP,0,A5),([1]train_xl!$Y:$Y="antonym")*([1]train_xl!$AA:$AA="intens")))} -> 0 | BC5: {=COUNT(_xlfn._xlws.FILTER(INDEX(test_output!K:FP,0,A5),([1]train_xl!$Y:$Y="antonym")*([1]train_xl!$AA:$AA="intens")*(INDEX(test_output!K:FP,0,A5)=1)))} -> 0 | BF5: {=AVERAGE(_xlfn._xlws.FILTER(INDEX(test_output!K:FP,0,A5),[1]train_xl!$AB:$AB="Past"))} -> #VALUE! | BG5: {=COUNT(_xlfn._xlws.FILTER(INDEX(test_output!K:FP,0,A5),[1]train_xl!$AB:$AB="Past"))} -> 0 | BH5: {=COUNT(_xlfn._xlws.FILTER(INDEX(test_output!K:FP,0,A5),([1]train_xl!$AB:$AB="Past")*(INDEX(test_output!K:FP,0,A5)=1)))} -> 0 | BK5: {=AVERAGE(_xlfn._xlws.FILTER(INDEX(test_output!K:FP,0,A5),[1]train_xl!$AB:$AB="Pres"))} -> #VALUE! | BL5: {=COUNT(_xlfn._xlws.FILTER(INDEX(test_output!K:FP,0,A5),[1]train_xl!$AB:$AB="Pres"))} -> 0 | BM5: {=COUNT(_xlfn._xlws.FILTER(INDEX(test_output!K:FP,0,A5),([1]train_xl!$AB:$AB="Pres")*(INDEX(test_output!K:FP,0,A5)=1)))} -> 0 | BP5: {=AVERAGE(_xlfn._xlws.FILTER(INDEX(test_output!K:FP,0,A5),[1]train_xl!$AD:$AD="L"))} -> #VALUE! | BQ5: {=COUNT(_xlfn._xlws.FILTER(INDEX(test_output!K:FP,0,A5),[1]train_xl!$AD:$AD="L"))} -> 0 | BR5: {=COUNT(_xlfn._xlws.FILTER(INDEX(test_output!K:FP,0,A5),([1]train_xl!$AD:$AD="L")*(INDEX(test_output!K:FP,0,A5)=1)))} -> 0 | BU5: {=AVERAGE(_xlfn._xlws.FILTER(INDEX(test_output!K:FP,0,A5),[1]train_xl!$AD:$AD="H"))} -> #VALUE! | BV5: {=COUNT(_xlfn._xlws.FILTER(INDEX(test_output!K:FP,0,A5),[1]train_xl!$AD:$AD="H"))} -> 0 | BW5: {=COUNT(_xlfn._xlws.FILTER(INDEX(test_output!K:FP,0,A5),([1]train_xl!$AD:$AD="H")*(INDEX(test_output!K:FP,0,A5)=1)))} -> 0 | BZ5: {=AVERAGE(_xlfn._xlws.FILTER(INDEX(test_output!K:FP,0,A5),[1]train_xl!$AE:$AE=1))} -> #VALUE! | CA5: {=COUNT(_xlfn._xlws.FILTER(INDEX(test_output!K:FP,0,A5),[1]train_xl!$AE:$AE=1))} -> 0 | CB5: {=COUNT(_xlfn._xlws.FILTER(INDEX(test_output!K:FP,0,A5),([1]train_xl!$AE:$AE=1)*(INDEX(test_output!K:FP,0,A5)=1)))} -> 0 | CE5: {=AVERAGE(_xlfn._xlws.FILTER(INDEX(test_output!K:FP,0,A5),([1]train_xl!$AE:$AE=1)*([1]train_xl!$AA:$AA="intens")))} -> #VALUE! | CF5: {=COUNT(_xlfn._xlws.FILTER(INDEX(test_output!K:FP,0,A5),([1]train_xl!$AE:$AE=1)*([1]train_xl!$AA:$AA="intens")))} -> 0 | CG5: {=COUNT(_xlfn._xlws.FILTER(INDEX(test_output!K:FP,0,A5),([1]train_xl!$AE:$AE=1)*([1]train_xl!$AA:$AA="intens")*(INDEX(test_output!K:FP,0,A5)=1)))} -> 0 | CJ5: {=AVERAGE(_xlfn._xlws.FILTER(INDEX(test_output!K:FP,0,A5),([1]train_xl!$AE:$AE=1)*([1]train_xl!$AA:$AA="neg")))} -> #VALUE! | CK5: {=COUNT(_xlfn._xlws.FILTER(INDEX(test_output!K:FP,0,A5),([1]train_xl!$AE:$AE=1)*([1]train_xl!$AA:$AA="neg")))} -> 0 | CL5: {=COUNT(_xlfn._xlws.FILTER(INDEX(test_output!K:FP,0,A5),([1]train_xl!$AE:$AE=1)*([1]train_xl!$AA:$AA="neg")*(INDEX(test_output!K:FP,0,A5)=1)))} -> 0
A6: =A5+3 -> 15 | B6: {=INDEX(test_output!K:FQ,1,A6)} -> Llama-3-70B-Instruct M5 bin | C6: =AVERAGE(INDEX(test_output!K:FP,0,A6)) -> 0.5703125 | D6: =COUNT(INDEX(test_output!K:FP,0,A6)) -> 256 | E6: {=COUNT(_xlfn._xlws.FILTER(INDEX(test_output!K:FP,0,A6),INDEX(test_output!K:FP,0,A6)=1))} -> 146 | H6: {=AVERAGE(_xlfn._xlws.FILTER(INDEX(test_output!K:FP,0,A6),[1]train_xl!$I:$I="met"))} -> 0.59574468 | I6: {=COUNT(_xlfn._xlws.FILTER(INDEX(test_output!K:FP,0,A6),[1]train_xl!$I:$I="met"))} -> 47 | J6: {=COUNT(_xlfn._xlws.FILTER(INDEX(test_output!K:FP,0,A6),([1]train_xl!$I:$I="met")*(INDEX(test_output!K:FP,0,A6)=1)))} -> 28 | M6: {=AVERAGE(_xlfn._xlws.FILTER(INDEX(test_output!K:FP,0,A6),[1]train_xl!$I:$I="sim"))} -> 0.5645933 | N6: {=COUNT(_xlfn._xlws.FILTER(INDEX(test_output!K:FP,0,A6),[1]train_xl!$I:$I="sim"))} -> 209 | O6: {=COUNT(_xlfn._xlws.FILTER(INDEX(test_output!K:FP,0,A6),([1]train_xl!$I:$I="sim")*(INDEX(test_output!K:FP,0,A6)=1)))} -> 118 | AB6: {=AVERAGE(_xlfn._xlws.FILTER(INDEX(test_output!K:FP,0,A6),[1]train_xl!$AA:$AA="neg"))} -> #VALUE! | AC6: {=COUNT(_xlfn._xlws.FILTER(INDEX(test_output!K:FP,0,A6),[1]train_xl!$AA:$AA="neg"))} -> 0 | AD6: {=COUNT(_xlfn._xlws.FILTER(INDEX(test_output!K:FP,0,A6),([1]train_xl!$AA:$AA="neg")*(INDEX(test_output!K:FP,0,A6)=1)))} -> 0 | AG6: {=AVERAGE(_xlfn._xlws.FILTER(INDEX(test_output!K:FP,0,A6),[1]train_xl!$AA:$AA="intens"))} -> #VALUE! | AH6: {=COUNT(_xlfn._xlws.FILTER(INDEX(test_output!K:FP,0,A6),[1]train_xl!$AA:$AA="intens"))} -> 0 | AI6: {=COUNT(_xlfn._xlws.FILTER(INDEX(test_output!K:FP,0,A6),([1]train_xl!$AA:$AA="intens")*(INDEX(test_output!K:FP,0,A6)=1)))} -> 0 | AL6: {=AVERAGE(_xlfn._xlws.FILTER(INDEX(test_output!K:FP,0,A6),([1]train_xl!$Y:$Y="not")*([1]train_xl!$AA:$AA="neg")))} -> #VALUE! | AM6: {=COUNT(_xlfn._xlws.FILTER(INDEX(test_output!K:FP,0,A6),([1]train_xl!$Y:$Y="not")*([1]train_xl!$AA:$AA="neg")))} -> 0 | AN6: {=COUNT(_xlfn._xlws.FILTER(INDEX(test_output!K:FP,0,A6),([1]train_xl!$Y:$Y="not")*([1]train_xl!$AA:$AA="neg")*(INDEX(test_output!K:FP,0,A6)=1)))} -> 0 | AQ6: {=AVERAGE(_xlfn._xlws.FILTER(INDEX(test_output!K:FP,0,A6),([1]train_xl!$Y:$Y="not")*([1]train_xl!$AA:$AA="intens")))} -> #VALUE! | AR6: {=COUNT(_xlfn._xlws.FILTER(INDEX(test_output!K:FP,0,A6),([1]train_xl!$Y:$Y="not")*([1]train_xl!$AA:$AA="intens")))} -> 0 | AS6: {=COUNT(_xlfn._xlws.FILTER(INDEX(test_output!K:FP,0,A6),([1]train_xl!$Y:$Y="not")*([1]train_xl!$AA:$AA="intens")*(INDEX(test_output!K:FP,0,A6)=1)))} -> 0 | AV6: {=AVERAGE(_xlfn._xlws.FILTER(INDEX(test_output!K:FP,0,A6),([1]train_xl!$Y:$Y="antonym")*([1]train_xl!$AA:$AA="neg")))} -> #VALUE! | AW6: {=COUNT(_xlfn._xlws.FILTER(INDEX(test_output!K:FP,0,A6),([1]train_xl!$Y:$Y="antonym")*([1]train_xl!$AA:$AA="neg")))} -> 0 | AX6: {=COUNT(_xlfn._xlws.FILTER(INDEX(test_output!K:FP,0,A6),([1]train_xl!$Y:$Y="antonym")*([1]train_xl!$AA:$AA="neg")*(INDEX(test_output!K:FP,0,A6)=1)))} -> 0 | BA6: {=AVERAGE(_xlfn._xlws.FILTER(INDEX(test_output!K:FP,0,A6),([1]train_xl!$Y:$Y="antonym")*([1]train_xl!$AA:$AA="intens")))} -> #VALUE! | BB6: {=COUNT(_xlfn._xlws.FILTER(INDEX(test_output!K:FP,0,A6),([1]train_xl!$Y:$Y="antonym")*([1]train_xl!$AA:$AA="intens")))} -> 0 | BC6: {=COUNT(_xlfn._xlws.FILTER(INDEX(test_output!K:FP,0,A6),([1]train_xl!$Y:$Y="antonym")*([1]train_xl!$AA:$AA="intens")*(INDEX(test_output!K:FP,0,A6)=1)))} -> 0 | BF6: {=AVERAGE(_xlfn._xlws.FILTER(INDEX(test_output!K:FP,0,A6),[1]train_xl!$AB:$AB="Past"))} -> #VALUE! | BG6: {=COUNT(_xlfn._xlws.FILTER(INDEX(test_output!K:FP,0,A6),[1]train_xl!$AB:$AB="Past"))} -> 0 | BH6: {=COUNT(_xlfn._xlws.FILTER(INDEX(test_output!K:FP,0,A6),([1]train_xl!$AB:$AB="Past")*(INDEX(test_output!K:FP,0,A6)=1)))} -> 0 | BK6: {=AVERAGE(_xlfn._xlws.FILTER(INDEX(test_output!K:FP,0,A6),[1]train_xl!$AB:$AB="Pres"))} -> #VALUE! | BL6: {=COUNT(_xlfn._xlws.FILTER(INDEX(test_output!K:FP,0,A6),[1]train_xl!$AB:$AB="Pres"))} -> 0 | BM6: {=COUNT(_xlfn._xlws.FILTER(INDEX(test_output!K:FP,0,A6),([1]train_xl!$AB:$AB="Pres")*(INDEX(test_output!K:FP,0,A6)=1)))} -> 0 | BP6: {=AVERAGE(_xlfn._xlws.FILTER(INDEX(test_output!K:FP,0,A6),[1]train_xl!$AD:$AD="L"))} -> #VALUE! | BQ6: {=COUNT(_xlfn._xlws.FILTER(INDEX(test_output!K:FP,0,A6),[1]train_xl!$AD:$AD="L"))} -> 0 | BR6: {=COUNT(_xlfn._xlws.FILTER(INDEX(test_output!K:FP,0,A6),([1]train_xl!$AD:$AD="L")*(INDEX(test_output!K:FP,0,A6)=1)))} -> 0 | BU6: {=AVERAGE(_xlfn._xlws.FILTER(INDEX(test_output!K:FP,0,A6),[1]train_xl!$AD:$AD="H"))} -> #VALUE! | BV6: {=COUNT(_xlfn._xlws.FILTER(INDEX(test_output!K:FP,0,A6),[1]train_xl!$AD:$AD="H"))} -> 0 | BW6: {=COUNT(_xlfn._xlws.FILTER(INDEX(test_output!K:FP,0,A6),([1]train_xl!$AD:$AD="H")*(INDEX(test_output!K:FP,0,A6)=1)))} -> 0 | BZ6: {=AVERAGE(_xlfn._xlws.FILTER(INDEX(test_output!K:FP,0,A6),[1]train_xl!$AE:$AE=1))} -> #VALUE! | CA6: {=COUNT(_xlfn._xlws.FILTER(INDEX(test_output!K:FP,0,A6),[1]train_xl!$AE:$AE=1))} -> 0 | CB6: {=COUNT(_xlfn._xlws.FILTER(INDEX(test_output!K:FP,0,A6),([1]train_xl!$AE:$AE=1)*(INDEX(test_output!K:FP,0,A6)=1)))} -> 0 | CE6: {=AVERAGE(_xlfn._xlws.FILTER(INDEX(test_output!K:FP,0,A6),([1]train_xl!$AE:$AE=1)*([1]train_xl!$AA:$AA="intens")))} -> #VALUE! | CF6: {=COUNT(_xlfn._xlws.FILTER(INDEX(test_output!K:FP,0,A6),([1]train_xl!$AE:$AE=1)*([1]train_xl!$AA:$AA="intens")))} -> 0 | CG6: {=COUNT(_xlfn._xlws.FILTER(INDEX(test_output!K:FP,0,A6),([1]train_xl!$AE:$AE=1)*([1]train_xl!$AA:$AA="intens")*(INDEX(test_output!K:FP,0,A6)=1)))} -> 0 | CJ6: {=AVERAGE(_xlfn._xlws.FILTER(INDEX(test_output!K:FP,0,A6),([1]train_xl!$AE:$AE=1)*([1]train_xl!$AA:$AA="neg")))} -> #VALUE! | CK6: {=COUNT(_xlfn._xlws.FILTER(INDEX(test_output!K:FP,0,A6),([1]train_xl!$AE:$AE=1)*([1]train_xl!$AA:$AA="neg")))} -> 0 | CL6: {=COUNT(_xlfn._xlws.FILTER(INDEX(test_output!K:FP,0,A6),([1]train_xl!$AE:$AE=1)*([1]train_xl!$AA:$AA="neg")*(INDEX(test_output!K:FP,0,A6)=1)))} -> 0
A7: =A6+3 -> 18 | B7: {=INDEX(test_output!K:FQ,1,A7)} -> Llama-3.1-70B-Instruct M1 bin | C7: =AVERAGE(INDEX(test_output!K:FP,0,A7)) -> 0.75 | D7: =COUNT(INDEX(test_output!K:FP,0,A7)) -> 256 | E7: {=COUNT(_xlfn._xlws.FILTER(INDEX(test_output!K:FP,0,A7),INDEX(test_output!K:FP,0,A7)=1))} -> 192 | H7: {=AVERAGE(_xlfn._xlws.FILTER(INDEX(test_output!K:FP,0,A7),[1]train_xl!$I:$I="met"))} -> 0.65957447 | I7: {=COUNT(_xlfn._xlws.FILTER(INDEX(test_output!K:FP,0,A7),[1]train_xl!$I:$I="met"))} -> 47 | J7: {=COUNT(_xlfn._xlws.FILTER(INDEX(test_output!K:FP,0,A7),([1]train_xl!$I:$I="met")*(INDEX(test_output!K:FP,0,A7)=1)))} -> 31 | M7: {=AVERAGE(_xlfn._xlws.FILTER(INDEX(test_output!K:FP,0,A7),[1]train_xl!$I:$I="sim"))} -> 0.77033493 | N7: {=COUNT(_xlfn._xlws.FILTER(INDEX(test_output!K:FP,0,A7),[1]train_xl!$I:$I="sim"))} -> 209 | O7: {=COUNT(_xlfn._xlws.FILTER(INDEX(test_output!K:FP,0,A7),([1]train_xl!$I:$I="sim")*(INDEX(test_output!K:FP,0,A7)=1)))} -> 161 | AB7: {=AVERAGE(_xlfn._xlws.FILTER(INDEX(test_output!K:FP,0,A7),[1]train_xl!$AA:$AA="neg"))} -> #VALUE! | AC7: {=COUNT(_xlfn._xlws.FILTER(INDEX(test_output!K:FP,0,A7),[1]train_xl!$AA:$AA="neg"))} -> 0 | AD7: {=COUNT(_xlfn._xlws.FILTER(INDEX(test_output!K:FP,0,A7),([1]train_xl!$AA:$AA="neg")*(INDEX(test_output!K:FP,0,A7)=1)))} -> 0 | AG7: {=AVERAGE(_xlfn._xlws.FILTER(INDEX(test_output!K:FP,0,A7),[1]train_xl!$AA:$AA="intens"))} -> #VALUE! | AH7: {=COUNT(_xlfn._xlws.FILTER(INDEX(test_output!K:FP,0,A7),[1]train_xl!$AA:$AA="intens"))} -> 0 | AI7: {=COUNT(_xlfn._xlws.FILTER(INDEX(test_output!K:FP,0,A7),([1]train_xl!$AA:$AA="intens")*(INDEX(test_output!K:FP,0,A7)=1)))} -> 0 | AL7: {=AVERAGE(_xlfn._xlws.FILTER(INDEX(test_output!K:FP,0,A7),([1]train_xl!$Y:$Y="not")*([1]train_xl!$AA:$AA="neg")))} -> #VALUE! | AM7: {=COUNT(_xlfn._xlws.FILTER(INDEX(test_output!K:FP,0,A7),([1]train_xl!$Y:$Y="not")*([1]train_xl!$AA:$AA="neg")))} -> 0 | AN7: {=COUNT(_xlfn._xlws.FILTER(INDEX(test_output!K:FP,0,A7),([1]train_xl!$Y:$Y="not")*([1]train_xl!$AA:$AA="neg")*(INDEX(test_output!K:FP,0,A7)=1)))} -> 0 | AQ7: {=AVERAGE(_xlfn._xlws.FILTER(INDEX(test_output!K:FP,0,A7),([1]train_xl!$Y:$Y="not")*([1]train_xl!$AA:$AA="intens")))} -> #VALUE! | AR7: {=COUNT(_xlfn._xlws.FILTER(INDEX(test_output!K:FP,0,A7),([1]train_xl!$Y:$Y="not")*([1]train_xl!$AA:$AA="intens")))} -> 0 | AS7: {=COUNT(_xlfn._xlws.FILTER(INDEX(test_output!K:FP,0,A7),([1]train_xl!$Y:$Y="not")*([1]train_xl!$AA:$AA="intens")*(INDEX(test_output!K:FP,0,A7)=1)))} -> 0 | AV7: {=AVERAGE(_xlfn._xlws.FILTER(INDEX(test_output!K:FP,0,A7),([1]train_xl!$Y:$Y="antonym")*([1]train_xl!$AA:$AA="neg")))} -> #VALUE! | AW7: {=COUNT(_xlfn._xlws.FILTER(INDEX(test_output!K:FP,0,A7),([1]train_xl!$Y:$Y="antonym")*([1]train_xl!$AA:$AA="neg")))} -> 0 | AX7: {=COUNT(_xlfn._xlws.FILTER(INDEX(test_output!K:FP,0,A7),([1]train_xl!$Y:$Y="antonym")*([1]train_xl!$AA:$AA="neg")*(INDEX(test_output!K:FP,0,A7)=1)))} -> 0 | BA7: {=AVERAGE(_xlfn._xlws.FILTER(INDEX(test_output!K:FP,0,A7),([1]train_xl!$Y:$Y="antonym")*([1]train_xl!$AA:$AA="intens")))} -> #VALUE! | BB7: {=COUNT(_xlfn._xlws.FILTER(INDEX(test_output!K:FP,0,A7),([1]train_xl!$Y:$Y="antonym")*([1]train_xl!$AA:$AA="intens")))} -> 0 | BC7: {=COUNT(_xlfn._xlws.FILTER(INDEX(test_output!K:FP,0,A7),([1]train_xl!$Y:$Y="antonym")*([1]train_xl!$AA:$AA="intens")*(INDEX(test_output!K:FP,0,A7)=1)))} -> 0 | BF7: {=AVERAGE(_xlfn._xlws.FILTER(INDEX(test_output!K:FP,0,A7),[1]train_xl!$AB:$AB="Past"))} -> #VALUE! | BG7: {=COUNT(_xlfn._xlws.FILTER(INDEX(test_output!K:FP,0,A7),[1]train_xl!$AB:$AB="Past"))} -> 0 | BH7: {=COUNT(_xlfn._xlws.FILTER(INDEX(test_output!K:FP,0,A7),([1]train_xl!$AB:$AB="Past")*(INDEX(test_output!K:FP,0,A7)=1)))} -> 0 | BK7: {=AVERAGE(_xlfn._xlws.FILTER(INDEX(test_output!K:FP,0,A7),[1]train_xl!$AB:$AB="Pres"))} -> #VALUE! | BL7: {=COUNT(_xlfn._xlws.FILTER(INDEX(test_output!K:FP,0,A7),[1]train_xl!$AB:$AB="Pres"))} -> 0 | BM7: {=COUNT(_xlfn._xlws.FILTER(INDEX(test_output!K:FP,0,A7),([1]train_xl!$AB:$AB="Pres")*(INDEX(test_output!K:FP,0,A7)=1)))} -> 0 | BP7: {=AVERAGE(_xlfn._xlws.FILTER(INDEX(test_output!K:FP,0,A7),[1]train_xl!$AD:$AD="L"))} -> #VALUE! | BQ7: {=COUNT(_xlfn._xlws.FILTER(INDEX(test_output!K:FP,0,A7),[1]train_xl!$AD:$AD="L"))} -> 0 | BR7: {=COUNT(_xlfn._xlws.FILTER(INDEX(test_output!K:FP,0,A7),([1]train_xl!$AD:$AD="L")*(INDEX(test_output!K:FP,0,A7)=1)))} -> 0 | BU7: {=AVERAGE(_xlfn._xlws.FILTER(INDEX(test_output!K:FP,0,A7),[1]train_xl!$AD:$AD="H"))} -> #VALUE! | BV7: {=COUNT(_xlfn._xlws.FILTER(INDEX(test_output!K:FP,0,A7),[1]train_xl!$AD:$AD="H"))} -> 0 | BW7: {=COUNT(_xlfn._xlws.FILTER(INDEX(test_output!K:FP,0,A7),([1]train_xl!$AD:$AD="H")*(INDEX(test_output!K:FP,0,A7)=1)))} -> 0 | BZ7: {=AVERAGE(_xlfn._xlws.FILTER(INDEX(test_output!K:FP,0,A7),[1]train_xl!$AE:$AE=1))} -> #VALUE! | CA7: {=COUNT(_xlfn._xlws.FILTER(INDEX(test_output!K:FP,0,A7),[1]train_xl!$AE:$AE=1))} -> 0 | CB7: {=COUNT(_xlfn._xlws.FILTER(INDEX(test_output!K:FP,0,A7),([1]train_xl!$AE:$AE=1)*(INDEX(test_output!K:FP,0,A7)=1)))} -> 0 | CE7: {=AVERAGE(_xlfn._xlws.FILTER(INDEX(test_output!K:FP,0,A7),([1]train_xl!$AE:$AE=1)*([1]train_xl!$AA:$AA="intens")))} -> #VALUE! | CF7: {=COUNT(_xlfn._xlws.FILTER(INDEX(test_output!K:FP,0,A7),([1]train_xl!$AE:$AE=1)*([1]train_xl!$AA:$AA="intens")))} -> 0 | CG7: {=COUNT(_xlfn._xlws.FILTER(INDEX(test_output!K:FP,0,A7),([1]train_xl!$AE:$AE=1)*([1]train_xl!$AA:$AA="intens")*(INDEX(test_output!K:FP,0,A7)=1)))} -> 0 | CJ7: {=AVERAGE(_xlfn._xlws.FILTER(INDEX(test_output!K:FP,0,A7),([1]train_xl!$AE:$AE=1)*([1]train_xl!$AA:$AA="neg")))} -> #VALUE! | CK7: {=COUNT(_xlfn._xlws.FILTER(INDEX(test_output!K:FP,0,A7),([1]train_xl!$AE:$AE=1)*([1]train_xl!$AA:$AA="neg")))} -> 0 | CL7: {=COUNT(_xlfn._xlws.FILTER(INDEX(test_output!K:FP,0,A7),([1]train_xl!$AE:$AE=1)*([1]train_xl!$AA:$AA="neg")*(INDEX(test_output!K:FP,0,A7)=1)))} -> 0
A8: =A7+3 -> 21 | B8: {=INDEX(test_output!K:FQ,1,A8)} -> Llama-3.1-70B-Instruct M2 bin | C8: =AVERAGE(INDEX(test_output!K:FP,0,A8)) -> 0.79296875 | D8: =COUNT(INDEX(test_output!K:FP,0,A8)) -> 256 | E8: {=COUNT(_xlfn._xlws.FILTER(INDEX(test_output!K:FP,0,A8),INDEX(test_output!K:FP,0,A8)=1))} -> 203 | H8: {=AVERAGE(_xlfn._xlws.FILTER(INDEX(test_output!K:FP,0,A8),[1]train_xl!$I:$I="met"))} -> 0.80851064 | I8: {=COUNT(_xlfn._xlws.FILTER(INDEX(test_output!K:FP,0,A8),[1]train_xl!$I:$I="met"))} -> 47 | J8: {=COUNT(_xlfn._xlws.FILTER(INDEX(test_output!K:FP,0,A8),([1]train_xl!$I:$I="met")*(INDEX(test_output!K:FP,0,A8)=1)))} -> 38 | M8: {=AVERAGE(_xlfn._xlws.FILTER(INDEX(test_output!K:FP,0,A8),[1]train_xl!$I:$I="sim"))} -> 0.78947368 | N8: {=COUNT(_xlfn._xlws.FILTER(INDEX(test_output!K:FP,0,A8),[1]train_xl!$I:$I="sim"))} -> 209 | O8: {=COUNT(_xlfn._xlws.FILTER(INDEX(test_output!K:FP,0,A8),([1]train_xl!$I:$I="sim")*(INDEX(test_output!K:FP,0,A8)=1)))} -> 165 | AB8: {=AVERAGE(_xlfn._xlws.FILTER(INDEX(test_output!K:FP,0,A8),[1]train_xl!$AA:$AA="neg"))} -> #VALUE! | AC8: {=COUNT(_xlfn._xlws.FILTER(INDEX(test_output!K:FP,0,A8),[1]train_xl!$AA:$AA="neg"))} -> 0 | AD8: {=COUNT(_xlfn._xlws.FILTER(INDEX(test_output!K:FP,0,A8),([1]train_xl!$AA:$AA="neg")*(INDEX(test_output!K:FP,0,A8)=1)))} -> 0 | AG8: {=AVERAGE(_xlfn._xlws.FILTER(INDEX(test_output!K:FP,0,A8),[1]train_xl!$AA:$AA="intens"))} -> #VALUE! | AH8: {=COUNT(_xlfn._xlws.FILTER(INDEX(test_output!K:FP,0,A8),[1]train_xl!$AA:$AA="intens"))} -> 0 | AI8: {=COUNT(_xlfn._xlws.FILTER(INDEX(test_output!K:FP,0,A8),([1]train_xl!$AA:$AA="intens")*(INDEX(test_output!K:FP,0,A8)=1)))} -> 0 | AL8: {=AVERAGE(_xlfn._xlws.FILTER(INDEX(test_output!K:FP,0,A8),([1]train_xl!$Y:$Y="not")*([1]train_xl!$AA:$AA="neg")))} -> #VALUE! | AM8: {=COUNT(_xlfn._xlws.FILTER(INDEX(test_output!K:FP,0,A8),([1]train_xl!$Y:$Y="not")*([1]train_xl!$AA:$AA="neg")))} -> 0 | AN8: {=COUNT(_xlfn._xlws.FILTER(INDEX(test_output!K:FP,0,A8),([1]train_xl!$Y:$Y="not")*([1]train_xl!$AA:$AA="neg")*(INDEX(test_output!K:FP,0,A8)=1)))} -> 0 | AQ8: {=AVERAGE(_xlfn._xlws.FILTER(INDEX(test_output!K:FP,0,A8),([1]train_xl!$Y:$Y="not")*([1]train_xl!$AA:$AA="intens")))} -> #VALUE! | AR8: {=COUNT(_xlfn._xlws.FILTER(INDEX(test_output!K:FP,0,A8),([1]train_xl!$Y:$Y="not")*([1]train_xl!$AA:$AA="intens")))} -> 0 | AS8: {=COUNT(_xlfn._xlws.FILTER(INDEX(test_output!K:FP,0,A8),([1]train_xl!$Y:$Y="not")*([1]train_xl!$AA:$AA="intens")*(INDEX(test_output!K:FP,0,A8)=1)))} -> 0 | AV8: {=AVERAGE(_xlfn._xlws.FILTER(INDEX(test_output!K:FP,0,A8),([1]train_xl!$Y:$Y="antonym")*([1]train_xl!$AA:$AA="neg")))} -> #VALUE! | AW8: {=COUNT(_xlfn._xlws.FILTER(INDEX(test_output!K:FP,0,A8),([1]train_xl!$Y:$Y="antonym")*([1]train_xl!$AA:$AA="neg")))} -> 0 | AX8: {=COUNT(_xlfn._xlws.FILTER(INDEX(test_output!K:FP,0,A8),([1]train_xl!$Y:$Y="antonym")*([1]train_xl!$AA:$AA="neg")*(INDEX(test_output!K:FP,0,A8)=1)))} -> 0 | BA8: {=AVERAGE(_xlfn._xlws.FILTER(INDEX(test_output!K:FP,0,A8),([1]train_xl!$Y:$Y="antonym")*([1]train_xl!$AA:$AA="intens")))} -> #VALUE! | BB8: {=COUNT(_xlfn._xlws.FILTER(INDEX(test_output!K:FP,0,A8),([1]train_xl!$Y:$Y="antonym")*([1]train_xl!$AA:$AA="intens")))} -> 0 | BC8: {=COUNT(_xlfn._xlws.FILTER(INDEX(test_output!K:FP,0,A8),([1]train_xl!$Y:$Y="antonym")*([1]train_xl!$AA:$AA="intens")*(INDEX(test_output!K:FP,0,A8)=1)))} -> 0 | BF8: {=AVERAGE(_xlfn._xlws.FILTER(INDEX(test_output!K:FP,0,A8),[1]train_xl!$AB:$AB="Past"))} -> #VALUE! | BG8: {=COUNT(_xlfn._xlws.FILTER(INDEX(test_output!K:FP,0,A8),[1]train_xl!$AB:$AB="Past"))} -> 0 | BH8: {=COUNT(_xlfn._xlws.FILTER(INDEX(test_output!K:FP,0,A8),([1]train_xl!$AB:$AB="Past")*(INDEX(test_output!K:FP,0,A8)=1)))} -> 0 | BK8: {=AVERAGE(_xlfn._xlws.FILTER(INDEX(test_output!K:FP,0,A8),[1]train_xl!$AB:$AB="Pres"))} -> #VALUE! | BL8: {=COUNT(_xlfn._xlws.FILTER(INDEX(test_output!K:FP,0,A8),[1]train_xl!$AB:$AB="Pres"))} -> 0 | BM8: {=COUNT(_xlfn._xlws.FILTER(INDEX(test_output!K:FP,0,A8),([1]train_xl!$AB:$AB="Pres")*(INDEX(test_output!K:FP,0,A8)=1)))} -> 0 | BP8: {=AVERAGE(_xlfn._xlws.FILTER(INDEX(test_output!K:FP,0,A8),[1]train_xl!$AD:$AD="L"))} -> #VALUE! | BQ8: {=COUNT(_xlfn._xlws.FILTER(INDEX(test_output!K:FP,0,A8),[1]train_xl!$AD:$AD="L"))} -> 0 | BR8: {=COUNT(_xlfn._xlws.FILTER(INDEX(test_output!K:FP,0,A8),([1]train_xl!$AD:$AD="L")*(INDEX(test_output!K:FP,0,A8)=1)))} -> 0 | BU8: {=AVERAGE(_xlfn._xlws.FILTER(INDEX(test_output!K:FP,0,A8),[1]train_xl!$AD:$AD="H"))} -> #VALUE! | BV8: {=COUNT(_xlfn._xlws.FILTER(INDEX(test_output!K:FP,0,A8),[1]train_xl!$AD:$AD="H"))} -> 0 | BW8: {=COUNT(_xlfn._xlws.FILTER(INDEX(test_output!K:FP,0,A8),([1]train_xl!$AD:$AD="H")*(INDEX(test_output!K:FP,0,A8)=1)))} -> 0 | BZ8: {=AVERAGE(_xlfn._xlws.FILTER(INDEX(test_output!K:FP,0,A8),[1]train_xl!$AE:$AE=1))} -> #VALUE! | CA8: {=COUNT(_xlfn._xlws.FILTER(INDEX(test_output!K:FP,0,A8),[1]train_xl!$AE:$AE=1))} -> 0 | CB8: {=COUNT(_xlfn._xlws.FILTER(INDEX(test_output!K:FP,0,A8),([1]train_xl!$AE:$AE=1)*(INDEX(test_output!K:FP,0,A8)=1)))} -> 0 | CE8: {=AVERAGE(_xlfn._xlws.FILTER(INDEX(test_output!K:FP,0,A8),([1]train_xl!$AE:$AE=1)*([1]train_xl!$AA:$AA="intens")))} -> #VALUE! | CF8: {=COUNT(_xlfn._xlws.FILTER(INDEX(test_output!K:FP,0,A8),([1]train_xl!$AE:$AE=1)*([1]train_xl!$AA:$AA="intens")))} -> 0 | CG8: {=COUNT(_xlfn._xlws.FILTER(INDEX(test_output!K:FP,0,A8),([1]train_xl!$AE:$AE=1)*([1]train_xl!$AA:$AA="intens")*(INDEX(test_output!K:FP,0,A8)=1)))} -> 0 | CJ8: {=AVERAGE(_xlfn._xlws.FILTER(INDEX(test_output!K:FP,0,A8),([1]train_xl!$AE:$AE=1)*([1]train_xl!$AA:$AA="neg")))} -> #VALUE! | CK8: {=COUNT(_xlfn._xlws.FILTER(INDEX(test_output!K:FP,0,A8),([1]train_xl!$AE:$AE=1)*([1]train_xl!$AA:$AA="neg")))} -> 0 | CL8: {=COUNT(_xlfn._xlws.FILTER(INDEX(test_output!K:FP,0,A8),([1]train_xl!$AE:$AE=1)*([1]train_xl!$AA:$AA="neg")*(INDEX(test_output!K:FP,0,A8)=1)))} -> 0
A9: =A8+3 -> 24 | B9: {=INDEX(test_output!K:FQ,1,A9)} -> Llama-3.1-70B-Instruct M3 bin | C9: =AVERAGE(INDEX(test_output!K:FP,0,A9)) -> 0.71484375 | D9: =COUNT(INDEX(test_output!K:FP,0,A9)) -> 256 | E9: {=COUNT(_xlfn._xlws.FILTER(INDEX(test_output!K:FP,0,A9),INDEX(test_output!K:FP,0,A9)=1))} -> 183 | H9: {=AVERAGE(_xlfn._xlws.FILTER(INDEX(test_output!K:FP,0,A9),[1]train_xl!$I:$I="met"))} -> 0.70212766 | I9: {=COUNT(_xlfn._xlws.FILTER(INDEX(test_output!K:FP,0,A9),[1]train_xl!$I:$I="met"))} -> 47 | J9: {=COUNT(_xlfn._xlws.FILTER(INDEX(test_output!K:FP,0,A9),([1]train_xl!$I:$I="met")*(INDEX(test_output!K:FP,0,A9)=1)))} -> 33 | M9: {=AVERAGE(_xlfn._xlws.FILTER(INDEX(test_output!K:FP,0,A9),[1]train_xl!$I:$I="sim"))} -> 0.71770335 | N9: {=COUNT(_xlfn._xlws.FILTER(INDEX(test_output!K:FP,0,A9),[1]train_xl!$I:$I="sim"))} -> 209 | O9: {=COUNT(_xlfn._xlws.FILTER(INDEX(test_output!K:FP,0,A9),([1]train_xl!$I:$I="sim")*(INDEX(test_output!K:FP,0,A9)=1)))} -> 150 | AB9: {=AVERAGE(_xlfn._xlws.FILTER(INDEX(test_output!K:FP,0,A9),[1]train_xl!$AA:$AA="neg"))} -> #VALUE! | AC9: {=COUNT(_xlfn._xlws.FILTER(INDEX(test_output!K:FP,0,A9),[1]train_xl!$AA:$AA="neg"))} -> 0 | AD9: {=COUNT(_xlfn._xlws.FILTER(INDEX(test_output!K:FP,0,A9),([1]train_xl!$AA:$AA="neg")*(INDEX(test_output!K:FP,0,A9)=1)))} -> 0 | AG9: {=AVERAGE(_xlfn._xlws.FILTER(INDEX(test_output!K:FP,0,A9),[1]train_xl!$AA:$AA="intens"))} -> #VALUE! | AH9: {=COUNT(_xlfn._xlws.FILTER(INDEX(test_output!K:FP,0,A9),[1]train_xl!$AA:$AA="intens"))} -> 0 | AI9: {=COUNT(_xlfn._xlws.FILTER(INDEX(test_output!K:FP,0,A9),([1]train_xl!$AA:$AA="intens")*(INDEX(test_output!K:FP,0,A9)=1)))} -> 0 | AL9: {=AVERAGE(_xlfn._xlws.FILTER(INDEX(test_output!K:FP,0,A9),([1]train_xl!$Y:$Y="not")*([1]train_xl!$AA:$AA="neg")))} -> #VALUE! | AM9: {=COUNT(_xlfn._xlws.FILTER(INDEX(test_output!K:FP,0,A9),([1]train_xl!$Y:$Y="not")*([1]train_xl!$AA:$AA="neg")))} -> 0 | AN9: {=COUNT(_xlfn._xlws.FILTER(INDEX(test_output!K:FP,0,A9),([1]train_xl!$Y:$Y="not")*([1]train_xl!$AA:$AA="neg")*(INDEX(test_output!K:FP,0,A9)=1)))} -> 0 | AQ9: {=AVERAGE(_xlfn._xlws.FILTER(INDEX(test_output!K:FP,0,A9),([1]train_xl!$Y:$Y="not")*([1]train_xl!$AA:$AA="intens")))} -> #VALUE! | AR9: {=COUNT(_xlfn._xlws.FILTER(INDEX(test_output!K:FP,0,A9),([1]train_xl!$Y:$Y="not")*([1]train_xl!$AA:$AA="intens")))} -> 0 | AS9: {=COUNT(_xlfn._xlws.FILTER(INDEX(test_output!K:FP,0,A9),([1]train_xl!$Y:$Y="not")*([1]train_xl!$AA:$AA="intens")*(INDEX(test_output!K:FP,0,A9)=1)))} -> 0 | AV9: {=AVERAGE(_xlfn._xlws.FILTER(INDEX(test_output!K:FP,0,A9),([1]train_xl!$Y:$Y="antonym")*([1]train_xl!$AA:$AA="neg")))} -> #VALUE! | AW9: {=COUNT(_xlfn._xlws.FILTER(INDEX(test_output!K:FP,0,A9),([1]train_xl!$Y:$Y="antonym")*([1]train_xl!$AA:$AA="neg")))} -> 0 | AX9: {=COUNT(_xlfn._xlws.FILTER(INDEX(test_output!K:FP,0,A9),([1]train_xl!$Y:$Y="antonym")*([1]train_xl!$AA:$AA="neg")*(INDEX(test_output!K:FP,0,A9)=1)))} -> 0 | BA9: {=AVERAGE(_xlfn._xlws.FILTER(INDEX(test_output!K:FP,0,A9),([1]train_xl!$Y:$Y="antonym")*([1]train_xl!$AA:$AA="intens")))} -> #VALUE! | BB9: {=COUNT(_xlfn._xlws.FILTER(INDEX(test_output!K:FP,0,A9),([1]train_xl!$Y:$Y="antonym")*([1]train_xl!$AA:$AA="intens")))} -> 0 | BC9: {=COUNT(_xlfn._xlws.FILTER(INDEX(test_output!K:FP,0,A9),([1]train_xl!$Y:$Y="antonym")*([1]train_xl!$AA:$AA="intens")*(INDEX(test_output!K:FP,0,A9)=1)))} -> 0 | BF9: {=AVERAGE(_xlfn._xlws.FILTER(INDEX(test_output!K:FP,0,A9),[1]train_xl!$AB:$AB="Past"))} -> #VALUE! | BG9: {=COUNT(_xlfn._xlws.FILTER(INDEX(test_output!K:FP,0,A9),[1]train_xl!$AB:$AB="Past"))} -> 0 | BH9: {=COUNT(_xlfn._xlws.FILTER(INDEX(test_output!K:FP,0,A9),([1]train_xl!$AB:$AB="Past")*(INDEX(test_output!K:FP,0,A9)=1)))} -> 0 | BK9: {=AVERAGE(_xlfn._xlws.FILTER(INDEX(test_output!K:FP,0,A9),[1]train_xl!$AB:$AB="Pres"))} -> #VALUE! | BL9: {=COUNT(_xlfn._xlws.FILTER(INDEX(test_output!K:FP,0,A9),[1]train_xl!$AB:$AB="Pres"))} -> 0 | BM9: {=COUNT(_xlfn._xlws.FILTER(INDEX(test_output!K:FP,0,A9),([1]train_xl!$AB:$AB="Pres")*(INDEX(test_output!K:FP,0,A9)=1)))} -> 0 | BP9: {=AVERAGE(_xlfn._xlws.FILTER(INDEX(test_output!K:FP,0,A9),[1]train_xl!$AD:$AD="L"))} -> #VALUE! | BQ9: {=COUNT(_xlfn._xlws.FILTER(INDEX(test_output!K:FP,0,A9),[1]train_xl!$AD:$AD="L"))} -> 0 | BR9: {=COUNT(_xlfn._xlws.FILTER(INDEX(test_output!K:FP,0,A9),([1]train_xl!$AD:$AD="L")*(INDEX(test_output!K:FP,0,A9)=1)))} -> 0 | BU9: {=AVERAGE(_xlfn._xlws.FILTER(INDEX(test_output!K:FP,0,A9),[1]train_xl!$AD:$AD="H"))} -> #VALUE! | BV9: {=COUNT(_xlfn._xlws.FILTER(INDEX(test_output!K:FP,0,A9),[1]train_xl!$AD:$AD="H"))} -> 0 | BW9: {=COUNT(_xlfn._xlws.FILTER(INDEX(test_output!K:FP,0,A9),([1]train_xl!$AD:$AD="H")*(INDEX(test_output!K:FP,0,A9)=1)))} -> 0 | BZ9: {=AVERAGE(_xlfn._xlws.FILTER(INDEX(test_output!K:FP,0,A9),[1]train_xl!$AE:$AE=1))} -> #VALUE! | CA9: {=COUNT(_xlfn._xlws.FILTER(INDEX(test_output!K:FP,0,A9),[1]train_xl!$AE:$AE=1))} -> 0 | CB9: {=COUNT(_xlfn._xlws.FILTER(INDEX(test_output!K:FP,0,A9),([1]train_xl!$AE:$AE=1)*(INDEX(test_output!K:FP,0,A9)=1)))} -> 0 | CE9: {=AVERAGE(_xlfn._xlws.FILTER(INDEX(test_output!K:FP,0,A9),([1]train_xl!$AE:$AE=1)*([1]train_xl!$AA:$AA="intens")))} -> #VALUE! | CF9: {=COUNT(_xlfn._xlws.FILTER(INDEX(test_output!K:FP,0,A9),([1]train_xl!$AE:$AE=1)*([1]train_xl!$AA:$AA="intens")))} -> 0 | CG9: {=COUNT(_xlfn._xlws.FILTER(INDEX(test_output!K:FP,0,A9),([1]train_xl!$AE:$AE=1)*([1]train_xl!$AA:$AA="intens")*(INDEX(test_output!K:FP,0,A9)=1)))} -> 0 | CJ9: {=AVERAGE(_xlfn._xlws.FILTER(INDEX(test_output!K:FP,0,A9),([1]train_xl!$AE:$AE=1)*([1]train_xl!$AA:$AA="neg")))} -> #VALUE! | CK9: {=COUNT(_xlfn._xlws.FILTER(INDEX(test_output!K:FP,0,A9),([1]train_xl!$AE:$AE=1)*([1]train_xl!$AA:$AA="neg")))} -> 0 | CL9: {=COUNT(_xlfn._xlws.FILTER(INDEX(test_output!K:FP,0,A9),([1]train_xl!$AE:$AE=1)*([1]train_xl!$AA:$AA="neg")*(INDEX(test_output!K:FP,0,A9)=1)))} -> 0
A10: =A9+3 -> 27 | B10: {=INDEX(test_output!K:FQ,1,A10)} -> Llama-3.1-70B-Instruct M4 bin | C10: =AVERAGE(INDEX(test_output!K:FP,0,A10)) -> 0.64453125 | D10: =COUNT(INDEX(test_output!K:FP,0,A10)) -> 256 | E10: {=COUNT(_xlfn._xlws.FILTER(INDEX(test_output!K:FP,0,A10),INDEX(test_output!K:FP,0,A10)=1))} -> 165 | H10: {=AVERAGE(_xlfn._xlws.FILTER(INDEX(test_output!K:FP,0,A10),[1]train_xl!$I:$I="met"))} -> 0.59574468 | I10: {=COUNT(_xlfn._xlws.FILTER(INDEX(test_output!K:FP,0,A10),[1]train_xl!$I:$I="met"))} -> 47 | J10: {=COUNT(_xlfn._xlws.FILTER(INDEX(test_output!K:FP,0,A10),([1]train_xl!$I:$I="met")*(INDEX(test_output!K:FP,0,A10)=1)))} -> 28 | M10: {=AVERAGE(_xlfn._xlws.FILTER(INDEX(test_output!K:FP,0,A10),[1]train_xl!$I:$I="sim"))} -> 0.65550239 | N10: {=COUNT(_xlfn._xlws.FILTER(INDEX(test_output!K:FP,0,A10),[1]train_xl!$I:$I="sim"))} -> 209 | O10: {=COUNT(_xlfn._xlws.FILTER(INDEX(test_output!K:FP,0,A10),([1]train_xl!$I:$I="sim")*(INDEX(test_output!K:FP,0,A10)=1)))} -> 137 | AB10: {=AVERAGE(_xlfn._xlws.FILTER(INDEX(test_output!K:FP,0,A10),[1]train_xl!$AA:$AA="neg"))} -> #VALUE! | AC10: {=COUNT(_xlfn._xlws.FILTER(INDEX(test_output!K:FP,0,A10),[1]train_xl!$AA:$AA="neg"))} -> 0 | AD10: {=COUNT(_xlfn._xlws.FILTER(INDEX(test_output!K:FP,0,A10),([1]train_xl!$AA:$AA="neg")*(INDEX(test_output!K:FP,0,A10)=1)))} -> 0 | AG10: {=AVERAGE(_xlfn._xlws.FILTER(INDEX(test_output!K:FP,0,A10),[1]train_xl!$AA:$AA="intens"))} -> #VALUE! | AH10: {=COUNT(_xlfn._xlws.FILTER(INDEX(test_output!K:FP,0,A10),[1]train_xl!$AA:$AA="intens"))} -> 0 | AI10: {=COUNT(_xlfn._xlws.FILTER(INDEX(test_output!K:FP,0,A10),([1]train_xl!$AA:$AA="intens")*(INDEX(test_output!K:FP,0,A10)=1)))} -> 0 | AL10: {=AVERAGE(_xlfn._xlws.FILTER(INDEX(test_output!K:FP,0,A10),([1]train_xl!$Y:$Y="not")*([1]train_xl!$AA:$AA="neg")))} -> #VALUE! | AM10: {=COUNT(_xlfn._xlws.FILTER(INDEX(test_output!K:FP,0,A10),([1]train_xl!$Y:$Y="not")*([1]train_xl!$AA:$AA="neg")))} -> 0 | AN10: {=COUNT(_xlfn._xlws.FILTER(INDEX(test_output!K:FP,0,A10),([1]train_xl!$Y:$Y="not")*([1]train_xl!$AA:$AA="neg")*(INDEX(test_output!K:FP,0,A10)=1)))} -> 0 | AQ10: {=AVERAGE(_xlfn._xlws.FILTER(INDEX(test_output!K:FP,0,A10),([1]train_xl!$Y:$Y="not")*([1]train_xl!$AA:$AA="intens")))} -> #VALUE! | AR10: {=COUNT(_xlfn._xlws.FILTER(INDEX(test_output!K:FP,0,A10),([1]train_xl!$Y:$Y="not")*([1]train_xl!$AA:$AA="intens")))} -> 0 | AS10: {=COUNT(_xlfn._xlws.FILTER(INDEX(test_output!K:FP,0,A10),([1]train_xl!$Y:$Y="not")*([1]train_xl!$AA:$AA="intens")*(INDEX(test_output!K:FP,0,A10)=1)))} -> 0 | AV10: {=AVERAGE(_xlfn._xlws.FILTER(INDEX(test_output!K:FP,0,A10),([1]train_xl!$Y:$Y="antonym")*([1]train_xl!$AA:$AA="neg")))} -> #VALUE! | AW10: {=COUNT(_xlfn._xlws.FILTER(INDEX(test_output!K:FP,0,A10),([1]train_xl!$Y:$Y="antonym")*([1]train_xl!$AA:$AA="neg")))} -> 0 | AX10: {=COUNT(_xlfn._xlws.FILTER(INDEX(test_output!K:FP,0,A10),([1]train_xl!$Y:$Y="antonym")*([1]train_xl!$AA:$AA="neg")*(INDEX(test_output!K:FP,0,A10)=1)))} -> 0 | BA10: {=AVERAGE(_xlfn._xlws.FILTER(INDEX(test_output!K:FP,0,A10),([1]train_xl!$Y:$Y="antonym")*([1]train_xl!$AA:$AA="intens")))} -> #VALUE! | BB10: {=COUNT(_xlfn._xlws.FILTER(INDEX(test_output!K:FP,0,A10),([1]train_xl!$Y:$Y="antonym")*([1]train_xl!$AA:$AA="intens")))} -> 0 | BC10: {=COUNT(_xlfn._xlws.FILTER(INDEX(test_output!K:FP,0,A10),([1]train_xl!$Y:$Y="antonym")*([1]train_xl!$AA:$AA="intens")*(INDEX(test_output!K:FP,0,A10)=1)))} -> 0 | BF10: {=AVERAGE(_xlfn._xlws.FILTER(INDEX(test_output!K:FP,0,A10),[1]train_xl!$AB:$AB="Past"))} -> #VALUE! | BG10: {=COUNT(_xlfn._xlws.FILTER(INDEX(test_output!K:FP,0,A10),[1]train_xl!$AB:$AB="Past"))} -> 0 | BH10: {=COUNT(_xlfn._xlws.FILTER(INDEX(test_output!K:FP,0,A10),([1]train_xl!$AB:$AB="Past")*(INDEX(test_output!K:FP,0,A10)=1)))} -> 0 | BK10: {=AVERAGE(_xlfn._xlws.FILTER(INDEX(test_output!K:FP,0,A10),[1]train_xl!$AB:$AB="Pres"))} -> #VALUE! | BL10: {=COUNT(_xlfn._xlws.FILTER(INDEX(test_output!K:FP,0,A10),[1]train_xl!$AB:$AB="Pres"))} -> 0 | BM10: {=COUNT(_xlfn._xlws.FILTER(INDEX(test_output!K:FP,0,A10),([1]train_xl!$AB:$AB="Pres")*(INDEX(test_output!K:FP,0,A10)=1)))} -> 0 | BP10: {=AVERAGE(_xlfn._xlws.FILTER(INDEX(test_output!K:FP,0,A10),[1]train_xl!$AD:$AD="L"))} -> #VALUE! | BQ10: {=COUNT(_xlfn._xlws.FILTER(INDEX(test_output!K:FP,0,A10),[1]train_xl!$AD:$AD="L"))} -> 0 | BR10: {=COUNT(_xlfn._xlws.FILTER(INDEX(test_output!K:FP,0,A10),([1]train_xl!$AD:$AD="L")*(INDEX(test_output!K:FP,0,A10)=1)))} -> 0 | BU10: {=AVERAGE(_xlfn._xlws.FILTER(INDEX(test_output!K:FP,0,A10),[1]train_xl!$AD:$AD="H"))} -> #VALUE! | BV10: {=COUNT(_xlfn._xlws.FILTER(INDEX(test_output!K:FP,0,A10),[1]train_xl!$AD:$AD="H"))} -> 0 | BW10: {=COUNT(_xlfn._xlws.FILTER(INDEX(test_output!K:FP,0,A10),([1]train_xl!$AD:$AD="H")*(INDEX(test_output!K:FP,0,A10)=1)))} -> 0 | BZ10: {=AVERAGE(_xlfn._xlws.FILTER(INDEX(test_output!K:FP,0,A10),[1]train_xl!$AE:$AE=1))} -> #VALUE! | CA10: {=COUNT(_xlfn._xlws.FILTER(INDEX(test_output!K:FP,0,A10),[1]train_xl!$AE:$AE=1))} -> 0 | CB10: {=COUNT(_xlfn._xlws.FILTER(INDEX(test_output!K:FP,0,A10),([1]train_xl!$AE:$AE=1)*(INDEX(test_output!K:FP,0,A10)=1)))} -> 0 | CE10: {=AVERAGE(_xlfn._xlws.FILTER(INDEX(test_output!K:FP,0,A10),([1]train_xl!$AE:$AE=1)*([1]train_xl!$AA:$AA="intens")))} -> #VALUE! | CF10: {=COUNT(_xlfn._xlws.FILTER(INDEX(test_output!K:FP,0,A10),([1]train_xl!$AE:$AE=1)*([1]train_xl!$AA:$AA="intens")))} -> 0 | CG10: {=COUNT(_xlfn._xlws.FILTER(INDEX(test_output!K:FP,0,A10),([1]train_xl!$AE:$AE=1)*([1]train_xl!$AA:$AA="intens")*(INDEX(test_output!K:FP,0,A10)=1)))} -> 0 | CJ10: {=AVERAGE(_xlfn._xlws.FILTER(INDEX(test_output!K:FP,0,A10),([1]train_xl!$AE:$AE=1)*([1]train_xl!$AA:$AA="neg")))} -> #VALUE! | CK10: {=COUNT(_xlfn._xlws.FILTER(INDEX(test_output!K:FP,0,A10),([1]train_xl!$AE:$AE=1)*([1]train_xl!$AA:$AA="neg")))} -> 0 | CL10: {=COUNT(_xlfn._xlws.FILTER(INDEX(test_output!K:FP,0,A10),([1]train_xl!$AE:$AE=1)*([1]train_xl!$AA:$AA="neg")*(INDEX(test_output!K:FP,0,A10)=1)))} -> 0
A11: =A10+3 -> 30 | B11: {=INDEX(test_output!K:FQ,1,A11)} -> Llama-3.1-70B-Instruct M5 bin | C11: =AVERAGE(INDEX(test_output!K:FP,0,A11)) -> 0.5625 | D11: =COUNT(INDEX(test_output!K:FP,0,A11)) -> 256 | E11: {=COUNT(_xlfn._xlws.FILTER(INDEX(test_output!K:FP,0,A11),INDEX(test_output!K:FP,0,A11)=1))} -> 144 | H11: {=AVERAGE(_xlfn._xlws.FILTER(INDEX(test_output!K:FP,0,A11),[1]train_xl!$I:$I="met"))} -> 0.57446809 | I11: {=COUNT(_xlfn._xlws.FILTER(INDEX(test_output!K:FP,0,A11),[1]train_xl!$I:$I="met"))} -> 47 | J11: {=COUNT(_xlfn._xlws.FILTER(INDEX(test_output!K:FP,0,A11),([1]train_xl!$I:$I="met")*(INDEX(test_output!K:FP,0,A11)=1)))} -> 27 | M11: {=AVERAGE(_xlfn._xlws.FILTER(INDEX(test_output!K:FP,0,A11),[1]train_xl!$I:$I="sim"))} -> 0.55980861 | N11: {=COUNT(_xlfn._xlws.FILTER(INDEX(test_output!K:FP,0,A11),[1]train_xl!$I:$I="sim"))} -> 209 | O11: {=COUNT(_xlfn._xlws.FILTER(INDEX(test_output!K:FP,0,A11),([1]train_xl!$I:$I="sim")*(INDEX(test_output!K:FP,0,A11)=1)))} -> 117 | AB11: {=AVERAGE(_xlfn._xlws.FILTER(INDEX(test_output!K:FP,0,A11),[1]train_xl!$AA:$AA="neg"))} -> #VALUE! | AC11: {=COUNT(_xlfn._xlws.FILTER(INDEX(test_output!K:FP,0,A11),[1]train_xl!$AA:$AA="neg"))} -> 0 | AD11: {=COUNT(_xlfn._xlws.FILTER(INDEX(test_output!K:FP,0,A11),([1]train_xl!$AA:$AA="neg")*(INDEX(test_output!K:FP,0,A11)=1)))} -> 0 | AG11: {=AVERAGE(_xlfn._xlws.FILTER(INDEX(test_output!K:FP,0,A11),[1]train_xl!$AA:$AA="intens"))} -> #VALUE! | AH11: {=COUNT(_xlfn._xlws.FILTER(INDEX(test_output!K:FP,0,A11),[1]train_xl!$AA:$AA="intens"))} -> 0 | AI11: {=COUNT(_xlfn._xlws.FILTER(INDEX(test_output!K:FP,0,A11),([1]train_xl!$AA:$AA="intens")*(INDEX(test_output!K:FP,0,A11)=1)))} -> 0 | AL11: {=AVERAGE(_xlfn._xlws.FILTER(INDEX(test_output!K:FP,0,A11),([1]train_xl!$Y:$Y="not")*([1]train_xl!$AA:$AA="neg")))} -> #VALUE! | AM11: {=COUNT(_xlfn._xlws.FILTER(INDEX(test_output!K:FP,0,A11),([1]train_xl!$Y:$Y="not")*([1]train_xl!$AA:$AA="neg")))} -> 0 | AN11: {=COUNT(_xlfn._xlws.FILTER(INDEX(test_output!K:FP,0,A11),([1]train_xl!$Y:$Y="not")*([1]train_xl!$AA:$AA="neg")*(INDEX(test_output!K:FP,0,A11)=1)))} -> 0 | AQ11: {=AVERAGE(_xlfn._xlws.FILTER(INDEX(test_output!K:FP,0,A11),([1]train_xl!$Y:$Y="not")*([1]train_xl!$AA:$AA="intens")))} -> #VALUE! | AR11: {=COUNT(_xlfn._xlws.FILTER(INDEX(test_output!K:FP,0,A11),([1]train_xl!$Y:$Y="not")*([1]train_xl!$AA:$AA="intens")))} -> 0 | AS11: {=COUNT(_xlfn._xlws.FILTER(INDEX(test_output!K:FP,0,A11),([1]train_xl!$Y:$Y="not")*([1]train_xl!$AA:$AA="intens")*(INDEX(test_output!K:FP,0,A11)=1)))} -> 0 | AV11: {=AVERAGE(_xlfn._xlws.FILTER(INDEX(test_output!K:FP,0,A11),([1]train_xl!$Y:$Y="antonym")*([1]train_xl!$AA:$AA="neg")))} -> #VALUE! | AW11: {=COUNT(_xlfn._xlws.FILTER(INDEX(test_output!K:FP,0,A11),([1]train_xl!$Y:$Y="antonym")*([1]train_xl!$AA:$AA="neg")))} -> 0 | AX11: {=COUNT(_xlfn._xlws.FILTER(INDEX(test_output!K:FP,0,A11),([1]train_xl!$Y:$Y="antonym")*([1]train_xl!$AA:$AA="neg")*(INDEX(test_output!K:FP,0,A11)=1)))} -> 0 | BA11: {=AVERAGE(_xlfn._xlws.FILTER(INDEX(test_output!K:FP,0,A11),([1]train_xl!$Y:$Y="antonym")*([1]train_xl!$AA:$AA="intens")))} -> #VALUE! | BB11: {=COUNT(_xlfn._xlws.FILTER(INDEX(test_output!K:FP,0,A11),([1]train_xl!$Y:$Y="antonym")*([1]train_xl!$AA:$AA="intens")))} -> 0 | BC11: {=COUNT(_xlfn._xlws.FILTER(INDEX(test_output!K:FP,0,A11),([1]train_xl!$Y:$Y="antonym")*([1]train_xl!$AA:$AA="intens")*(INDEX(test_output!K:FP,0,A11)=1)))} -> 0 | BF11: {=AVERAGE(_xlfn._xlws.FILTER(INDEX(test_output!K:FP,0,A11),[1]train_xl!$AB:$AB="Past"))} -> #VALUE! | BG11: {=COUNT(_xlfn._xlws.FILTER(INDEX(test_output!K:FP,0,A11),[1]train_xl!$AB:$AB="Past"))} -> 0 | BH11: {=COUNT(_xlfn._xlws.FILTER(INDEX(test_output!K:FP,0,A11),([1]train_xl!$AB:$AB="Past")*(INDEX(test_output!K:FP,0,A11)=1)))} -> 0 | BK11: {=AVERAGE(_xlfn._xlws.FILTER(INDEX(test_output!K:FP,0,A11),[1]train_xl!$AB:$AB="Pres"))} -> #VALUE! | BL11: {=COUNT(_xlfn._xlws.FILTER(INDEX(test_output!K:FP,0,A11),[1]train_xl!$AB:$AB="Pres"))} -> 0 | BM11: {=COUNT(_xlfn._xlws.FILTER(INDEX(test_output!K:FP,0,A11),([1]train_xl!$AB:$AB="Pres")*(INDEX(test_output!K:FP,0,A11)=1)))} -> 0 | BP11: {=AVERAGE(_xlfn._xlws.FILTER(INDEX(test_output!K:FP,0,A11),[1]train_xl!$AD:$AD="L"))} -> #VALUE! | BQ11: {=COUNT(_xlfn._xlws.FILTER(INDEX(test_output!K:FP,0,A11),[1]train_xl!$AD:$AD="L"))} -> 0 | BR11: {=COUNT(_xlfn._xlws.FILTER(INDEX(test_output!K:FP,0,A11),([1]train_xl!$AD:$AD="L")*(INDEX(test_output!K:FP,0,A11)=1)))} -> 0 | BU11: {=AVERAGE(_xlfn._xlws.FILTER(INDEX(test_output!K:FP,0,A11),[1]train_xl!$AD:$AD="H"))} -> #VALUE! | BV11: {=COUNT(_xlfn._xlws.FILTER(INDEX(test_output!K:FP,0,A11),[1]train_xl!$AD:$AD="H"))} -> 0 | BW11: {=COUNT(_xlfn._xlws.FILTER(INDEX(test_output!K:FP,0,A11),([1]train_xl!$AD:$AD="H")*(INDEX(test_output!K:FP,0,A11)=1)))} -> 0 | BZ11: {=AVERAGE(_xlfn._xlws.FILTER(INDEX(test_output!K:FP,0,A11),[1]train_xl!$AE:$AE=1))} -> #VALUE! | CA11: {=COUNT(_xlfn._xlws.FILTER(INDEX(test_output!K:FP,0,A11),[1]train_xl!$AE:$AE=1))} -> 0 | CB11: {=COUNT(_xlfn._xlws.FILTER(INDEX(test_output!K:FP,0,A11),([1]train_xl!$AE:$AE=1)*(INDEX(test_output!K:FP,0,A11)=1)))} -> 0 | CE11: {=AVERAGE(_xlfn._xlws.FILTER(INDEX(test_output!K:FP,0,A11),([1]train_xl!$AE:$AE=1)*([1]train_xl!$AA:$AA="intens")))} -> #VALUE! | CF11: {=COUNT(_xlfn._xlws.FILTER(INDEX(test_output!K:FP,0,A11),([1]train_xl!$AE:$AE=1)*([1]train_xl!$AA:$AA="intens")))} -> 0 | CG11: {=COUNT(_xlfn._xlws.FILTER(INDEX(test_output!K:FP,0,A11),([1]train_xl!$AE:$AE=1)*([1]train_xl!$AA:$AA="intens")*(INDEX(test_output!K:FP,0,A11)=1)))} -> 0 | CJ11: {=AVERAGE(_xlfn._xlws.FILTER(INDEX(test_output!K:FP,0,A11),([1]train_xl!$AE:$AE=1)*([1]train_xl!$AA:$AA="neg")))} -> #VALUE! | CK11: {=COUNT(_xlfn._xlws.FILTER(INDEX(test_output!K:FP,0,A11),([1]train_xl!$AE:$AE=1)*([1]train_xl!$AA:$AA="neg")))} -> 0 | CL11: {=COUNT(_xlfn._xlws.FILTER(INDEX(test_output!K:FP,0,A11),([1]train_xl!$AE:$AE=1)*([1]train_xl!$AA:$AA="neg")*(INDEX(test_output!K:FP,0,A11)=1)))} -> 0
A12: =A11+3 -> 33 | B12: {=INDEX(test_output!K:FQ,1,A12)} -> Llama-3.1-405B-Instruct M1 bin | C12: =AVERAGE(INDEX(test_output!K:FP,0,A12)) -> 0.8046875 | D12: =COUNT(INDEX(test_output!K:FP,0,A12)) -> 256 | E12: {=COUNT(_xlfn._xlws.FILTER(INDEX(test_output!K:FP,0,A12),INDEX(test_output!K:FP,0,A12)=1))} -> 206 | H12: {=AVERAGE(_xlfn._xlws.FILTER(INDEX(test_output!K:FP,0,A12),[1]train_xl!$I:$I="met"))} -> 0.76595745 | I12: {=COUNT(_xlfn._xlws.FILTER(INDEX(test_output!K:FP,0,A12),[1]train_xl!$I:$I="met"))} -> 47 | J12: {=COUNT(_xlfn._xlws.FILTER(INDEX(test_output!K:FP,0,A12),([1]train_xl!$I:$I="met")*(INDEX(test_output!K:FP,0,A12)=1)))} -> 36 | M12: {=AVERAGE(_xlfn._xlws.FILTER(INDEX(test_output!K:FP,0,A12),[1]train_xl!$I:$I="sim"))} -> 0.81339713 | N12: {=COUNT(_xlfn._xlws.FILTER(INDEX(test_output!K:FP,0,A12),[1]train_xl!$I:$I="sim"))} -> 209 | O12: {=COUNT(_xlfn._xlws.FILTER(INDEX(test_output!K:FP,0,A12),([1]train_xl!$I:$I="sim")*(INDEX(test_output!K:FP,0,A12)=1)))} -> 170 | AB12: {=AVERAGE(_xlfn._xlws.FILTER(INDEX(test_output!K:FP,0,A12),[1]train_xl!$AA:$AA="neg"))} -> #VALUE! | AC12: {=COUNT(_xlfn._xlws.FILTER(INDEX(test_output!K:FP,0,A12),[1]train_xl!$AA:$AA="neg"))} -> 0 | AD12: {=COUNT(_xlfn._xlws.FILTER(INDEX(test_output!K:FP,0,A12),([1]train_xl!$AA:$AA="neg")*(INDEX(test_output!K:FP,0,A12)=1)))} -> 0 | AG12: {=AVERAGE(_xlfn._xlws.FILTER(INDEX(test_output!K:FP,0,A12),[1]train_xl!$AA:$AA="intens"))} -> #VALUE! | AH12: {=COUNT(_xlfn._xlws.FILTER(INDEX(test_output!K:FP,0,A12),[1]train_xl!$AA:$AA="intens"))} -> 0 | AI12: {=COUNT(_xlfn._xlws.FILTER(INDEX(test_output!K:FP,0,A12),([1]train_xl!$AA:$AA="intens")*(INDEX(test_output!K:FP,0,A12)=1)))} -> 0 | AL12: {=AVERAGE(_xlfn._xlws.FILTER(INDEX(test_output!K:FP,0,A12),([1]train_xl!$Y:$Y="not")*([1]train_xl!$AA:$AA="neg")))} -> #VALUE! | AM12: {=COUNT(_xlfn._xlws.FILTER(INDEX(test_output!K:FP,0,A12),([1]train_xl!$Y:$Y="not")*([1]train_xl!$AA:$AA="neg")))} -> 0 | AN12: {=COUNT(_xlfn._xlws.FILTER(INDEX(test_output!K:FP,0,A12),([1]train_xl!$Y:$Y="not")*([1]train_xl!$AA:$AA="neg")*(INDEX(test_output!K:FP,0,A12)=1)))} -> 0 | AQ12: {=AVERAGE(_xlfn._xlws.FILTER(INDEX(test_output!K:FP,0,A12),([1]train_xl!$Y:$Y="not")*([1]train_xl!$AA:$AA="intens")))} -> #VALUE! | AR12: {=COUNT(_xlfn._xlws.FILTER(INDEX(test_output!K:FP,0,A12),([1]train_xl!$Y:$Y="not")*([1]train_xl!$AA:$AA="intens")))} -> 0 | AS12: {=COUNT(_xlfn._xlws.FILTER(INDEX(test_output!K:FP,0,A12),([1]train_xl!$Y:$Y="not")*([1]train_xl!$AA:$AA="intens")*(INDEX(test_output!K:FP,0,A12)=1)))} -> 0 | AV12: {=AVERAGE(_xlfn._xlws.FILTER(INDEX(test_output!K:FP,0,A12),([1]train_xl!$Y:$Y="antonym")*([1]train_xl!$AA:$AA="neg")))} -> #VALUE! | AW12: {=COUNT(_xlfn._xlws.FILTER(INDEX(test_output!K:FP,0,A12),([1]train_xl!$Y:$Y="antonym")*([1]train_xl!$AA:$AA="neg")))} -> 0 | AX12: {=COUNT(_xlfn._xlws.FILTER(INDEX(test_output!K:FP,0,A12),([1]train_xl!$Y:$Y="antonym")*([1]train_xl!$AA:$AA="neg")*(INDEX(test_output!K:FP,0,A12)=1)))} -> 0 | BA12: {=AVERAGE(_xlfn._xlws.FILTER(INDEX(test_output!K:FP,0,A12),([1]train_xl!$Y:$Y="antonym")*([1]train_xl!$AA:$AA="intens")))} -> #VALUE! | BB12: {=COUNT(_xlfn._xlws.FILTER(INDEX(test_output!K:FP,0,A12),([1]train_xl!$Y:$Y="antonym")*([1]train_xl!$AA:$AA="intens")))} -> 0 | BC12: {=COUNT(_xlfn._xlws.FILTER(INDEX(test_output!K:FP,0,A12),([1]train_xl!$Y:$Y="antonym")*([1]train_xl!$AA:$AA="intens")*(INDEX(test_output!K:FP,0,A12)=1)))} -> 0 | BF12: {=AVERAGE(_xlfn._xlws.FILTER(INDEX(test_output!K:FP,0,A12),[1]train_xl!$AB:$AB="Past"))} -> #VALUE! | BG12: {=COUNT(_xlfn._xlws.FILTER(INDEX(test_output!K:FP,0,A12),[1]train_xl!$AB:$AB="Past"))} -> 0 | BH12: {=COUNT(_xlfn._xlws.FILTER(INDEX(test_output!K:FP,0,A12),([1]train_xl!$AB:$AB="Past")*(INDEX(test_output!K:FP,0,A12)=1)))} -> 0 | BK12: {=AVERAGE(_xlfn._xlws.FILTER(INDEX(test_output!K:FP,0,A12),[1]train_xl!$AB:$AB="Pres"))} -> #VALUE! | BL12: {=COUNT(_xlfn._xlws.FILTER(INDEX(test_output!K:FP,0,A12),[1]train_xl!$AB:$AB="Pres"))} -> 0 | BM12: {=COUNT(_xlfn._xlws.FILTER(INDEX(test_output!K:FP,0,A12),([1]train_xl!$AB:$AB="Pres")*(INDEX(test_output!K:FP,0,A12)=1)))} -> 0 | BP12: {=AVERAGE(_xlfn._xlws.FILTER(INDEX(test_output!K:FP,0,A12),[1]train_xl!$AD:$AD="L"))} -> #VALUE! | BQ12: {=COUNT(_xlfn._xlws.FILTER(INDEX(test_output!K:FP,0,A12),[1]train_xl!$AD:$AD="L"))} -> 0 | BR12: {=COUNT(_xlfn._xlws.FILTER(INDEX(test_output!K:FP,0,A12),([1]train_xl!$AD:$AD="L")*(INDEX(test_output!K:FP,0,A12)=1)))} -> 0 | BU12: {=AVERAGE(_xlfn._xlws.FILTER(INDEX(test_output!K:FP,0,A12),[1]train_xl!$AD:$AD="H"))} -> #VALUE! | BV12: {=COUNT(_xlfn._xlws.FILTER(INDEX(test_output!K:FP,0,A12),[1]train_xl!$AD:$AD="H"))} -> 0 | BW12: {=COUNT(_xlfn._xlws.FILTER(INDEX(test_output!K:FP,0,A12),([1]train_xl!$AD:$AD="H")*(INDEX(test_output!K:FP,0,A12)=1)))} -> 0 | BZ12: {=AVERAGE(_xlfn._xlws.FILTER(INDEX(test_output!K:FP,0,A12),[1]train_xl!$AE:$AE=1))} -> #VALUE! | CA12: {=COUNT(_xlfn._xlws.FILTER(INDEX(test_output!K:FP,0,A12),[1]train_xl!$AE:$AE=1))} -> 0 | CB12: {=COUNT(_xlfn._xlws.FILTER(INDEX(test_output!K:FP,0,A12),([1]train_xl!$AE:$AE=1)*(INDEX(test_output!K:FP,0,A12)=1)))} -> 0 | CE12: {=AVERAGE(_xlfn._xlws.FILTER(INDEX(test_output!K:FP,0,A12),([1]train_xl!$AE:$AE=1)*([1]train_xl!$AA:$AA="intens")))} -> #VALUE! | CF12: {=COUNT(_xlfn._xlws.FILTER(INDEX(test_output!K:FP,0,A12),([1]train_xl!$AE:$AE=1)*([1]train_xl!$AA:$AA="intens")))} -> 0 | CG12: {=COUNT(_xlfn._xlws.FILTER(INDEX(test_output!K:FP,0,A12),([1]train_xl!$AE:$AE=1)*([1]train_xl!$AA:$AA="intens")*(INDEX(test_output!K:FP,0,A12)=1)))} -> 0 | CJ12: {=AVERAGE(_xlfn._xlws.FILTER(INDEX(test_output!K:FP,0,A12),([1]train_xl!$AE:$AE=1)*([1]train_xl!$AA:$AA="neg")))} -> #VALUE! | CK12: {=COUNT(_xlfn._xlws.FILTER(INDEX(test_output!K:FP,0,A12),([1]train_xl!$AE:$AE=1)*([1]train_xl!$AA:$AA="neg")))} -> 0 | CL12: {=COUNT(_xlfn._xlws.FILTER(INDEX(test_output!K:FP,0,A12),([1]train_xl!$AE:$AE=1)*([1]train_xl!$AA:$AA="neg")*(INDEX(test_output!K:FP,0,A12)=1)))} -> 0
A13: =A12+3 -> 36 | B13: {=INDEX(test_output!K:FQ,1,A13)} -> Llama-3.1-405B-Instruct M2 bin | C13: =AVERAGE(INDEX(test_output!K:FP,0,A13)) -> 0.85546875 | D13: =COUNT(INDEX(test_output!K:FP,0,A13)) -> 256 | E13: {=COUNT(_xlfn._xlws.FILTER(INDEX(test_output!K:FP,0,A13),INDEX(test_output!K:FP,0,A13)=1))} -> 219 | H13: {=AVERAGE(_xlfn._xlws.FILTER(INDEX(test_output!K:FP,0,A13),[1]train_xl!$I:$I="met"))} -> 0.80851064 | I13: {=COUNT(_xlfn._xlws.FILTER(INDEX(test_output!K:FP,0,A13),[1]train_xl!$I:$I="met"))} -> 47 | J13: {=COUNT(_xlfn._xlws.FILTER(INDEX(test_output!K:FP,0,A13),([1]train_xl!$I:$I="met")*(INDEX(test_output!K:FP,0,A13)=1)))} -> 38 | M13: {=AVERAGE(_xlfn._xlws.FILTER(INDEX(test_output!K:FP,0,A13),[1]train_xl!$I:$I="sim"))} -> 0.86602871 | N13: {=COUNT(_xlfn._xlws.FILTER(INDEX(test_output!K:FP,0,A13),[1]train_xl!$I:$I="sim"))} -> 209 | O13: {=COUNT(_xlfn._xlws.FILTER(INDEX(test_output!K:FP,0,A13),([1]train_xl!$I:$I="sim")*(INDEX(test_output!K:FP,0,A13)=1)))} -> 181 | AB13: {=AVERAGE(_xlfn._xlws.FILTER(INDEX(test_output!K:FP,0,A13),[1]train_xl!$AA:$AA="neg"))} -> #VALUE! | AC13: {=COUNT(_xlfn._xlws.FILTER(INDEX(test_output!K:FP,0,A13),[1]train_xl!$AA:$AA="neg"))} -> 0 | AD13: {=COUNT(_xlfn._xlws.FILTER(INDEX(test_output!K:FP,0,A13),([1]train_xl!$AA:$AA="neg")*(INDEX(test_output!K:FP,0,A13)=1)))} -> 0 | AG13: {=AVERAGE(_xlfn._xlws.FILTER(INDEX(test_output!K:FP,0,A13),[1]train_xl!$AA:$AA="intens"))} -> #VALUE! | AH13: {=COUNT(_xlfn._xlws.FILTER(INDEX(test_output!K:FP,0,A13),[1]train_xl!$AA:$AA="intens"))} -> 0 | AI13: {=COUNT(_xlfn._xlws.FILTER(INDEX(test_output!K:FP,0,A13),([1]train_xl!$AA:$AA="intens")*(INDEX(test_output!K:FP,0,A13)=1)))} -> 0 | AL13: {=AVERAGE(_xlfn._xlws.FILTER(INDEX(test_output!K:FP,0,A13),([1]train_xl!$Y:$Y="not")*([1]train_xl!$AA:$AA="neg")))} -> #VALUE! | AM13: {=COUNT(_xlfn._xlws.FILTER(INDEX(test_output!K:FP,0,A13),([1]train_xl!$Y:$Y="not")*([1]train_xl!$AA:$AA="neg")))} -> 0 | AN13: {=COUNT(_xlfn._xlws.FILTER(INDEX(test_output!K:FP,0,A13),([1]train_xl!$Y:$Y="not")*([1]train_xl!$AA:$AA="neg")*(INDEX(test_output!K:FP,0,A13)=1)))} -> 0 | AQ13: {=AVERAGE(_xlfn._xlws.FILTER(INDEX(test_output!K:FP,0,A13),([1]train_xl!$Y:$Y="not")*([1]train_xl!$AA:$AA="intens")))} -> #VALUE! | AR13: {=COUNT(_xlfn._xlws.FILTER(INDEX(test_output!K:FP,0,A13),([1]train_xl!$Y:$Y="not")*([1]train_xl!$AA:$AA="intens")))} -> 0 | AS13: {=COUNT(_xlfn._xlws.FILTER(INDEX(test_output!K:FP,0,A13),([1]train_xl!$Y:$Y="not")*([1]train_xl!$AA:$AA="intens")*(INDEX(test_output!K:FP,0,A13)=1)))} -> 0 | AV13: {=AVERAGE(_xlfn._xlws.FILTER(INDEX(test_output!K:FP,0,A13),([1]train_xl!$Y:$Y="antonym")*([1]train_xl!$AA:$AA="neg")))} -> #VALUE! | AW13: {=COUNT(_xlfn._xlws.FILTER(INDEX(test_output!K:FP,0,A13),([1]train_xl!$Y:$Y="antonym")*([1]train_xl!$AA:$AA="neg")))} -> 0 | AX13: {=COUNT(_xlfn._xlws.FILTER(INDEX(test_output!K:FP,0,A13),([1]train_xl!$Y:$Y="antonym")*([1]train_xl!$AA:$AA="neg")*(INDEX(test_output!K:FP,0,A13)=1)))} -> 0 | BA13: {=AVERAGE(_xlfn._xlws.FILTER(INDEX(test_output!K:FP,0,A13),([1]train_xl!$Y:$Y="antonym")*([1]train_xl!$AA:$AA="intens")))} -> #VALUE! | BB13: {=COUNT(_xlfn._xlws.FILTER(INDEX(test_output!K:FP,0,A13),([1]train_xl!$Y:$Y="antonym")*([1]train_xl!$AA:$AA="intens")))} -> 0 | BC13: {=COUNT(_xlfn._xlws.FILTER(INDEX(test_output!K:FP,0,A13),([1]train_xl!$Y:$Y="antonym")*([1]train_xl!$AA:$AA="intens")*(INDEX(test_output!K:FP,0,A13)=1)))} -> 0 | BF13: {=AVERAGE(_xlfn._xlws.FILTER(INDEX(test_output!K:FP,0,A13),[1]train_xl!$AB:$AB="Past"))} -> #VALUE! | BG13: {=COUNT(_xlfn._xlws.FILTER(INDEX(test_output!K:FP,0,A13),[1]train_xl!$AB:$AB="Past"))} -> 0 | BH13: {=COUNT(_xlfn._xlws.FILTER(INDEX(test_output!K:FP,0,A13),([1]train_xl!$AB:$AB="Past")*(INDEX(test_output!K:FP,0,A13)=1)))} -> 0 | BK13: {=AVERAGE(_xlfn._xlws.FILTER(INDEX(test_output!K:FP,0,A13),[1]train_xl!$AB:$AB="Pres"))} -> #VALUE! | BL13: {=COUNT(_xlfn._xlws.FILTER(INDEX(test_output!K:FP,0,A13),[1]train_xl!$AB:$AB="Pres"))} -> 0 | BM13: {=COUNT(_xlfn._xlws.FILTER(INDEX(test_output!K:FP,0,A13),([1]train_xl!$AB:$AB="Pres")*(INDEX(test_output!K:FP,0,A13)=1)))} -> 0 | BP13: {=AVERAGE(_xlfn._xlws.FILTER(INDEX(test_output!K:FP,0,A13),[1]train_xl!$AD:$AD="L"))} -> #VALUE! | BQ13: {=COUNT(_xlfn._xlws.FILTER(INDEX(test_output!K:FP,0,A13),[1]train_xl!$AD:$AD="L"))} -> 0 | BR13: {=COUNT(_xlfn._xlws.FILTER(INDEX(test_output!K:FP,0,A13),([1]train_xl!$AD:$AD="L")*(INDEX(test_output!K:FP,0,A13)=1)))} -> 0 | BU13: {=AVERAGE(_xlfn._xlws.FILTER(INDEX(test_output!K:FP,0,A13),[1]train_xl!$AD:$AD="H"))} -> #VALUE! | BV13: {=COUNT(_xlfn._xlws.FILTER(INDEX(test_output!K:FP,0,A13),[1]train_xl!$AD:$AD="H"))} -> 0 | BW13: {=COUNT(_xlfn._xlws.FILTER(INDEX(test_output!K:FP,0,A13),([1]train_xl!$AD:$AD="H")*(INDEX(test_output!K:FP,0,A13)=1)))} -> 0 | BZ13: {=AVERAGE(_xlfn._xlws.FILTER(INDEX(test_output!K:FP,0,A13),[1]train_xl!$AE:$AE=1))} -> #VALUE! | CA13: {=COUNT(_xlfn._xlws.FILTER(INDEX(test_output!K:FP,0,A13),[1]train_xl!$AE:$AE=1))} -> 0 | CB13: {=COUNT(_xlfn._xlws.FILTER(INDEX(test_output!K:FP,0,A13),([1]train_xl!$AE:$AE=1)*(INDEX(test_output!K:FP,0,A13)=1)))} -> 0 | CE13: {=AVERAGE(_xlfn._xlws.FILTER(INDEX(test_output!K:FP,0,A13),([1]train_xl!$AE:$AE=1)*([1]train_xl!$AA:$AA="intens")))} -> #VALUE! | CF13: {=COUNT(_xlfn._xlws.FILTER(INDEX(test_output!K:FP,0,A13),([1]train_xl!$AE:$AE=1)*([1]train_xl!$AA:$AA="intens")))} -> 0 | CG13: {=COUNT(_xlfn._xlws.FILTER(INDEX(test_output!K:FP,0,A13),([1]train_xl!$AE:$AE=1)*([1]train_xl!$AA:$AA="intens")*(INDEX(test_output!K:FP,0,A13)=1)))} -> 0 | CJ13: {=AVERAGE(_xlfn._xlws.FILTER(INDEX(test_output!K:FP,0,A13),([1]train_xl!$AE:$AE=1)*([1]train_xl!$AA:$AA="neg")))} -> #VALUE! | CK13: {=COUNT(_xlfn._xlws.FILTER(INDEX(test_output!K:FP,0,A13),([1]train_xl!$AE:$AE=1)*([1]train_xl!$AA:$AA="neg")))} -> 0 | CL13: {=COUNT(_xlfn._xlws.FILTER(INDEX(test_output!K:FP,0,A13),([1]train_xl!$AE:$AE=1)*([1]train_xl!$AA:$AA="neg")*(INDEX(test_output!K:FP,0,A13)=1)))} -> 0
A14: =A13+3 -> 39 | B14: {=INDEX(test_output!K:FQ,1,A14)} -> Llama-3.1-405B-Instruct M3 bin | C14: =AVERAGE(INDEX(test_output!K:FP,0,A14)) -> 0.765625 | D14: =COUNT(INDEX(test_output!K:FP,0,A14)) -> 256 | E14: {=COUNT(_xlfn._xlws.FILTER(INDEX(test_output!K:FP,0,A14),INDEX(test_output!K:FP,0,A14)=1))} -> 196 | H14: {=AVERAGE(_xlfn._xlws.FILTER(INDEX(test_output!K:FP,0,A14),[1]train_xl!$I:$I="met"))} -> 0.74468085 | I14: {=COUNT(_xlfn._xlws.FILTER(INDEX(test_output!K:FP,0,A14),[1]train_xl!$I:$I="met"))} -> 47 | J14: {=COUNT(_xlfn._xlws.FILTER(INDEX(test_output!K:FP,0,A14),([1]train_xl!$I:$I="met")*(INDEX(test_output!K:FP,0,A14)=1)))} -> 35 | M14: {=AVERAGE(_xlfn._xlws.FILTER(INDEX(test_output!K:FP,0,A14),[1]train_xl!$I:$I="sim"))} -> 0.77033493 | N14: {=COUNT(_xlfn._xlws.FILTER(INDEX(test_output!K:FP,0,A14),[1]train_xl!$I:$I="sim"))} -> 209 | O14: {=COUNT(_xlfn._xlws.FILTER(INDEX(test_output!K:FP,0,A14),([1]train_xl!$I:$I="sim")*(INDEX(test_output!K:FP,0,A14)=1)))} -> 161 | AB14: {=AVERAGE(_xlfn._xlws.FILTER(INDEX(test_output!K:FP,0,A14),[1]train_xl!$AA:$AA="neg"))} -> #VALUE! | AC14: {=COUNT(_xlfn._xlws.FILTER(INDEX(test_output!K:FP,0,A14),[1]train_xl!$AA:$AA="neg"))} -> 0 | AD14: {=COUNT(_xlfn._xlws.FILTER(INDEX(test_output!K:FP,0,A14),([1]train_xl!$AA:$AA="neg")*(INDEX(test_output!K:FP,0,A14)=1)))} -> 0 | AG14: {=AVERAGE(_xlfn._xlws.FILTER(INDEX(test_output!K:FP,0,A14),[1]train_xl!$AA:$AA="intens"))} -> #VALUE! | AH14: {=COUNT(_xlfn._xlws.FILTER(INDEX(test_output!K:FP,0,A14),[1]train_xl!$AA:$AA="intens"))} -> 0 | AI14: {=COUNT(_xlfn._xlws.FILTER(INDEX(test_output!K:FP,0,A14),([1]train_xl!$AA:$AA="intens")*(INDEX(test_output!K:FP,0,A14)=1)))} -> 0 | AL14: {=AVERAGE(_xlfn._xlws.FILTER(INDEX(test_output!K:FP,0,A14),([1]train_xl!$Y:$Y="not")*([1]train_xl!$AA:$AA="neg")))} -> #VALUE! | AM14: {=COUNT(_xlfn._xlws.FILTER(INDEX(test_output!K:FP,0,A14),([1]train_xl!$Y:$Y="not")*([1]train_xl!$AA:$AA="neg")))} -> 0 | AN14: {=COUNT(_xlfn._xlws.FILTER(INDEX(test_output!K:FP,0,A14),([1]train_xl!$Y:$Y="not")*([1]train_xl!$AA:$AA="neg")*(INDEX(test_output!K:FP,0,A14)=1)))} -> 0 | AQ14: {=AVERAGE(_xlfn._xlws.FILTER(INDEX(test_output!K:FP,0,A14),([1]train_xl!$Y:$Y="not")*([1]train_xl!$AA:$AA="intens")))} -> #VALUE! | AR14: {=COUNT(_xlfn._xlws.FILTER(INDEX(test_output!K:FP,0,A14),([1]train_xl!$Y:$Y="not")*([1]train_xl!$AA:$AA="intens")))} -> 0 | AS14: {=COUNT(_xlfn._xlws.FILTER(INDEX(test_output!K:FP,0,A14),([1]train_xl!$Y:$Y="not")*([1]train_xl!$AA:$AA="intens")*(INDEX(test_output!K:FP,0,A14)=1)))} -> 0 | AV14: {=AVERAGE(_xlfn._xlws.FILTER(INDEX(test_output!K:FP,0,A14),([1]train_xl!$Y:$Y="antonym")*([1]train_xl!$AA:$AA="neg")))} -> #VALUE! | AW14: {=COUNT(_xlfn._xlws.FILTER(INDEX(test_output!K:FP,0,A14),([1]train_xl!$Y:$Y="antonym")*([1]train_xl!$AA:$AA="neg")))} -> 0 | AX14: {=COUNT(_xlfn._xlws.FILTER(INDEX(test_output!K:FP,0,A14),([1]train_xl!$Y:$Y="antonym")*([1]train_xl!$AA:$AA="neg")*(INDEX(test_output!K:FP,0,A14)=1)))} -> 0 | BA14: {=AVERAGE(_xlfn._xlws.FILTER(INDEX(test_output!K:FP,0,A14),([1]train_xl!$Y:$Y="antonym")*([1]train_xl!$AA:$AA="intens")))} -> #VALUE! | BB14: {=COUNT(_xlfn._xlws.FILTER(INDEX(test_output!K:FP,0,A14),([1]train_xl!$Y:$Y="antonym")*([1]train_xl!$AA:$AA="intens")))} -> 0 | BC14: {=COUNT(_xlfn._xlws.FILTER(INDEX(test_output!K:FP,0,A14),([1]train_xl!$Y:$Y="antonym")*([1]train_xl!$AA:$AA="intens")*(INDEX(test_output!K:FP,0,A14)=1)))} -> 0 | BF14: {=AVERAGE(_xlfn._xlws.FILTER(INDEX(test_output!K:FP,0,A14),[1]train_xl!$AB:$AB="Past"))} -> #VALUE! | BG14: {=COUNT(_xlfn._xlws.FILTER(INDEX(test_output!K:FP,0,A14),[1]train_xl!$AB:$AB="Past"))} -> 0 | BH14: {=COUNT(_xlfn._xlws.FILTER(INDEX(test_output!K:FP,0,A14),([1]train_xl!$AB:$AB="Past")*(INDEX(test_output!K:FP,0,A14)=1)))} -> 0 | BK14: {=AVERAGE(_xlfn._xlws.FILTER(INDEX(test_output!K:FP,0,A14),[1]train_xl!$AB:$AB="Pres"))} -> #VALUE! | BL14: {=COUNT(_xlfn._xlws.FILTER(INDEX(test_output!K:FP,0,A14),[1]train_xl!$AB:$AB="Pres"))} -> 0 | BM14: {=COUNT(_xlfn._xlws.FILTER(INDEX(test_output!K:FP,0,A14),([1]train_xl!$AB:$AB="Pres")*(INDEX(test_output!K:FP,0,A14)=1)))} -> 0 | BP14: {=AVERAGE(_xlfn._xlws.FILTER(INDEX(test_output!K:FP,0,A14),[1]train_xl!$AD:$AD="L"))} -> #VALUE! | BQ14: {=COUNT(_xlfn._xlws.FILTER(INDEX(test_output!K:FP,0,A14),[1]train_xl!$AD:$AD="L"))} -> 0 | BR14: {=COUNT(_xlfn._xlws.FILTER(INDEX(test_output!K:FP,0,A14),([1]train_xl!$AD:$AD="L")*(INDEX(test_output!K:FP,0,A14)=1)))} -> 0 | BU14: {=AVERAGE(_xlfn._xlws.FILTER(INDEX(test_output!K:FP,0,A14),[1]train_xl!$AD:$AD="H"))} -> #VALUE! | BV14: {=COUNT(_xlfn._xlws.FILTER(INDEX(test_output!K:FP,0,A14),[1]train_xl!$AD:$AD="H"))} -> 0 | BW14: {=COUNT(_xlfn._xlws.FILTER(INDEX(test_output!K:FP,0,A14),([1]train_xl!$AD:$AD="H")*(INDEX(test_output!K:FP,0,A14)=1)))} -> 0 | BZ14: {=AVERAGE(_xlfn._xlws.FILTER(INDEX(test_output!K:FP,0,A14),[1]train_xl!$AE:$AE=1))} -> #VALUE! | CA14: {=COUNT(_xlfn._xlws.FILTER(INDEX(test_output!K:FP,0,A14),[1]train_xl!$AE:$AE=1))} -> 0 | CB14: {=COUNT(_xlfn._xlws.FILTER(INDEX(test_output!K:FP,0,A14),([1]train_xl!$AE:$AE=1)*(INDEX(test_output!K:FP,0,A14)=1)))} -> 0 | CE14: {=AVERAGE(_xlfn._xlws.FILTER(INDEX(test_output!K:FP,0,A14),([1]train_xl!$AE:$AE=1)*([1]train_xl!$AA:$AA="intens")))} -> #VALUE! | CF14: {=COUNT(_xlfn._xlws.FILTER(INDEX(test_output!K:FP,0,A14),([1]train_xl!$AE:$AE=1)*([1]train_xl!$AA:$AA="intens")))} -> 0 | CG14: {=COUNT(_xlfn._xlws.FILTER(INDEX(test_output!K:FP,0,A14),([1]train_xl!$AE:$AE=1)*([1]train_xl!$AA:$AA="intens")*(INDEX(test_output!K:FP,0,A14)=1)))} -> 0 | CJ14: {=AVERAGE(_xlfn._xlws.FILTER(INDEX(test_output!K:FP,0,A14),([1]train_xl!$AE:$AE=1)*([1]train_xl!$AA:$AA="neg")))} -> #VALUE! | CK14: {=COUNT(_xlfn._xlws.FILTER(INDEX(test_output!K:FP,0,A14),([1]train_xl!$AE:$AE=1)*([1]train_xl!$AA:$AA="neg")))} -> 0 | CL14: {=COUNT(_xlfn._xlws.FILTER(INDEX(test_output!K:FP,0,A14),([1]train_xl!$AE:$AE=1)*([1]train_xl!$AA:$AA="neg")*(INDEX(test_output!K:FP,0,A14)=1)))} -> 0
... A21: =A20+3 -> 60 | B21: {=INDEX(test_output!K:FQ,1,A21)} -> Llama-3.3-70B-Instruct M5 bin | C21: =AVERAGE(INDEX(test_output!K:FP,0,A21)) -> 0.55078125 | D21: =COUNT(INDEX(test_output!K:FP,0,A21)) -> 256 | E21: {=COUNT(_xlfn._xlws.FILTER(INDEX(test_output!K:FP,0,A21),INDEX(test_output!K:FP,0,A21)=1))} -> 141 | H21: {=AVERAGE(_xlfn._xlws.FILTER(INDEX(test_output!K:FP,0,A21),[1]train_xl!$I:$I="met"))} -> 0.57446809 | I21: {=COUNT(_xlfn._xlws.FILTER(INDEX(test_output!K:FP,0,A21),[1]train_xl!$I:$I="met"))} -> 47 | J21: {=COUNT(_xlfn._xlws.FILTER(INDEX(test_output!K:FP,0,A21),([1]train_xl!$I:$I="met")*(INDEX(test_output!K:FP,0,A21)=1)))} -> 27 | M21: {=AVERAGE(_xlfn._xlws.FILTER(INDEX(test_output!K:FP,0,A21),[1]train_xl!$I:$I="sim"))} -> 0.54545455 | N21: {=COUNT(_xlfn._xlws.FILTER(INDEX(test_output!K:FP,0,A21),[1]train_xl!$I:$I="sim"))} -> 209 | O21: {=COUNT(_xlfn._xlws.FILTER(INDEX(test_output!K:FP,0,A21),([1]train_xl!$I:$I="sim")*(INDEX(test_output!K:FP,0,A21)=1)))} -> 114 | AB21: {=AVERAGE(_xlfn._xlws.FILTER(INDEX(test_output!K:FP,0,A21),[1]train_xl!$AA:$AA="neg"))} -> #VALUE! | AC21: {=COUNT(_xlfn._xlws.FILTER(INDEX(test_output!K:FP,0,A21),[1]train_xl!$AA:$AA="neg"))} -> 0 | AD21: {=COUNT(_xlfn._xlws.FILTER(INDEX(test_output!K:FP,0,A21),([1]train_xl!$AA:$AA="neg")*(INDEX(test_output!K:FP,0,A21)=1)))} -> 0 | AG21: {=AVERAGE(_xlfn._xlws.FILTER(INDEX(test_output!K:FP,0,A21),[1]train_xl!$AA:$AA="intens"))} -> #VALUE! | AH21: {=COUNT(_xlfn._xlws.FILTER(INDEX(test_output!K:FP,0,A21),[1]train_xl!$AA:$AA="intens"))} -> 0 | AI21: {=COUNT(_xlfn._xlws.FILTER(INDEX(test_output!K:FP,0,A21),([1]train_xl!$AA:$AA="intens")*(INDEX(test_output!K:FP,0,A21)=1)))} -> 0 | AL21: {=AVERAGE(_xlfn._xlws.FILTER(INDEX(test_output!K:FP,0,A21),([1]train_xl!$Y:$Y="not")*([1]train_xl!$AA:$AA="neg")))} -> #VALUE! | AM21: {=COUNT(_xlfn._xlws.FILTER(INDEX(test_output!K:FP,0,A21),([1]train_xl!$Y:$Y="not")*([1]train_xl!$AA:$AA="neg")))} -> 0 | AN21: {=COUNT(_xlfn._xlws.FILTER(INDEX(test_output!K:FP,0,A21),([1]train_xl!$Y:$Y="not")*([1]train_xl!$AA:$AA="neg")*(INDEX(test_output!K:FP,0,A21)=1)))} -> 0 | AQ21: {=AVERAGE(_xlfn._xlws.FILTER(INDEX(test_output!K:FP,0,A21),([1]train_xl!$Y:$Y="not")*([1]train_xl!$AA:$AA="intens")))} -> #VALUE! | AR21: {=COUNT(_xlfn._xlws.FILTER(INDEX(test_output!K:FP,0,A21),([1]train_xl!$Y:$Y="not")*([1]train_xl!$AA:$AA="intens")))} -> 0 | AS21: {=COUNT(_xlfn._xlws.FILTER(INDEX(test_output!K:FP,0,A21),([1]train_xl!$Y:$Y="not")*([1]train_xl!$AA:$AA="intens")*(INDEX(test_output!K:FP,0,A21)=1)))} -> 0 | AV21: {=AVERAGE(_xlfn._xlws.FILTER(INDEX(test_output!K:FP,0,A21),([1]train_xl!$Y:$Y="antonym")*([1]train_xl!$AA:$AA="neg")))} -> #VALUE! | AW21: {=COUNT(_xlfn._xlws.FILTER(INDEX(test_output!K:FP,0,A21),([1]train_xl!$Y:$Y="antonym")*([1]train_xl!$AA:$AA="neg")))} -> 0 | AX21: {=COUNT(_xlfn._xlws.FILTER(INDEX(test_output!K:FP,0,A21),([1]train_xl!$Y:$Y="antonym")*([1]train_xl!$AA:$AA="neg")*(INDEX(test_output!K:FP,0,A21)=1)))} -> 0 | BA21: {=AVERAGE(_xlfn._xlws.FILTER(INDEX(test_output!K:FP,0,A21),([1]train_xl!$Y:$Y="antonym")*([1]train_xl!$AA:$AA="intens")))} -> #VALUE! | BB21: {=COUNT(_xlfn._xlws.FILTER(INDEX(test_output!K:FP,0,A21),([1]train_xl!$Y:$Y="antonym")*([1]train_xl!$AA:$AA="intens")))} -> 0 | BC21: {=COUNT(_xlfn._xlws.FILTER(INDEX(test_output!K:FP,0,A21),([1]train_xl!$Y:$Y="antonym")*([1]train_xl!$AA:$AA="intens")*(INDEX(test_output!K:FP,0,A21)=1)))} -> 0 | BF21: {=AVERAGE(_xlfn._xlws.FILTER(INDEX(test_output!K:FP,0,A21),[1]train_xl!$AB:$AB="Past"))} -> #VALUE! | BG21: {=COUNT(_xlfn._xlws.FILTER(INDEX(test_output!K:FP,0,A21),[1]train_xl!$AB:$AB="Past"))} -> 0 | BH21: {=COUNT(_xlfn._xlws.FILTER(INDEX(test_output!K:FP,0,A21),([1]train_xl!$AB:$AB="Past")*(INDEX(test_output!K:FP,0,A21)=1)))} -> 0 | BK21: {=AVERAGE(_xlfn._xlws.FILTER(INDEX(test_output!K:FP,0,A21),[1]train_xl!$AB:$AB="Pres"))} -> #VALUE! | BL21: {=COUNT(_xlfn._xlws.FILTER(INDEX(test_output!K:FP,0,A21),[1]train_xl!$AB:$AB="Pres"))} -> 0 | BM21: {=COUNT(_xlfn._xlws.FILTER(INDEX(test_output!K:FP,0,A21),([1]train_xl!$AB:$AB="Pres")*(INDEX(test_output!K:FP,0,A21)=1)))} -> 0 | BP21: {=AVERAGE(_xlfn._xlws.FILTER(INDEX(test_output!K:FP,0,A21),[1]train_xl!$AD:$AD="L"))} -> #VALUE! | BQ21: {=COUNT(_xlfn._xlws.FILTER(INDEX(test_output!K:FP,0,A21),[1]train_xl!$AD:$AD="L"))} -> 0 | BR21: {=COUNT(_xlfn._xlws.FILTER(INDEX(test_output!K:FP,0,A21),([1]train_xl!$AD:$AD="L")*(INDEX(test_output!K:FP,0,A21)=1)))} -> 0 | BU21: {=AVERAGE(_xlfn._xlws.FILTER(INDEX(test_output!K:FP,0,A21),[1]train_xl!$AD:$AD="H"))} -> #VALUE! | BV21: {=COUNT(_xlfn._xlws.FILTER(INDEX(test_output!K:FP,0,A21),[1]train_xl!$AD:$AD="H"))} -> 0 | BW21: {=COUNT(_xlfn._xlws.FILTER(INDEX(test_output!K:FP,0,A21),([1]train_xl!$AD:$AD="H")*(INDEX(test_output!K:FP,0,A21)=1)))} -> 0 | BZ21: {=AVERAGE(_xlfn._xlws.FILTER(INDEX(test_output!K:FP,0,A21),[1]train_xl!$AE:$AE=1))} -> #VALUE! | CA21: {=COUNT(_xlfn._xlws.FILTER(INDEX(test_output!K:FP,0,A21),[1]train_xl!$AE:$AE=1))} -> 0 | CB21: {=COUNT(_xlfn._xlws.FILTER(INDEX(test_output!K:FP,0,A21),([1]train_xl!$AE:$AE=1)*(INDEX(test_output!K:FP,0,A21)=1)))} -> 0 | CE21: {=AVERAGE(_xlfn._xlws.FILTER(INDEX(test_output!K:FP,0,A21),([1]train_xl!$AE:$AE=1)*([1]train_xl!$AA:$AA="intens")))} -> #VALUE! | CF21: {=COUNT(_xlfn._xlws.FILTER(INDEX(test_output!K:FP,0,A21),([1]train_xl!$AE:$AE=1)*([1]train_xl!$AA:$AA="intens")))} -> 0 | CG21: {=COUNT(_xlfn._xlws.FILTER(INDEX(test_output!K:FP,0,A21),([1]train_xl!$AE:$AE=1)*([1]train_xl!$AA:$AA="intens")*(INDEX(test_output!K:FP,0,A21)=1)))} -> 0 | CJ21: {=AVERAGE(_xlfn._xlws.FILTER(INDEX(test_output!K:FP,0,A21),([1]train_xl!$AE:$AE=1)*([1]train_xl!$AA:$AA="neg")))} -> #VALUE! | CK21: {=COUNT(_xlfn._xlws.FILTER(INDEX(test_output!K:FP,0,A21),([1]train_xl!$AE:$AE=1)*([1]train_xl!$AA:$AA="neg")))} -> 0 | CL21: {=COUNT(_xlfn._xlws.FILTER(INDEX(test_output!K:FP,0,A21),([1]train_xl!$AE:$AE=1)*([1]train_xl!$AA:$AA="neg")*(INDEX(test_output!K:FP,0,A21)=1)))} -> 0
A22: =A21+3 -> 63 | B22: =LEFT(B2,LEN(B2)-5)&123 -> Llama-3-70B-Instruct M123 | C22: =AVERAGE(C2:C4) -> 0.79166667 | D22: =SUM(D2:D4) -> 768 | E22: =SUM(E2:E4) -> 608 | H22: =AVERAGE(H2:H4) -> 0.82269504 | I22: =SUM(I2:I4) -> 141 | J22: =SUM(J2:J4) -> 116 | M22: =AVERAGE(M2:M4) -> 0.784689 | N22: =SUM(N2:N4) -> 627 | O22: =SUM(O2:O4) -> 492 | R22: =AVERAGE(R2:R4) -> #VALUE! | S22: =SUM(S2:S4) -> 0 | T22: =SUM(T2:T4) -> 0 | W22: =AVERAGE(W2:W4) -> #VALUE! | X22: =SUM(X2:X4) -> 0 | Y22: =SUM(Y2:Y4) -> 0 | AB22: =AVERAGE(AB2:AB4) -> #VALUE! | AC22: =SUM(AC2:AC4) -> 0 | AD22: =SUM(AD2:AD4) -> 0 | AG22: =AVERAGE(AG2:AG4) -> #VALUE! | AH22: =SUM(AH2:AH4) -> 0 | AI22: =SUM(AI2:AI4) -> 0 | AL22: =AVERAGE(AL2:AL4) -> #VALUE! | AM22: =SUM(AM2:AM4) -> 0 | AN22: =SUM(AN2:AN4) -> 0 | AQ22: =AVERAGE(AQ2:AQ4) -> #VALUE! | AR22: =SUM(AR2:AR4) -> 0 | AS22: =SUM(AS2:AS4) -> 0 | AV22: =AVERAGE(AV2:AV4) -> #VALUE! | AW22: =SUM(AW2:AW4) -> 0 | AX22: =SUM(AX2:AX4) -> 0 | BA22: =AVERAGE(BA2:BA4) -> #VALUE! | BB22: =SUM(BB2:BB4) -> 0 | BC22: =SUM(BC2:BC4) -> 0 | BF22: =AVERAGE(BF2:BF4) -> #VALUE! | BG22: =SUM(BG2:BG4) -> 0 | BH22: =SUM(BH2:BH4) -> 0 | BK22: =AVERAGE(BK2:BK4) -> #VALUE! | BL22: =SUM(BL2:BL4) -> 0 | BM22: =SUM(BM2:BM4) -> 0 | BP22: =AVERAGE(BP2:BP4) -> #VALUE! | BQ22: =SUM(BQ2:BQ4) -> 0 | BR22: =SUM(BR2:BR4) -> 0 | BU22: =AVERAGE(BU2:BU4) -> #VALUE! | BV22: =SUM(BV2:BV4) -> 0 | BW22: =SUM(BW2:BW4) -> 0 | BZ22: =AVERAGE(BZ2:BZ4) -> #VALUE! | CA22: =SUM(CA2:CA4) -> 0 | CB22: =SUM(CB2:CB4) -> 0 | CE22: =AVERAGE(CE2:CE4) -> #VALUE! | CF22: =SUM(CF2:CF4) -> 0 | CG22: =SUM(CG2:CG4) -> 0 | CJ22: =AVERAGE(CJ2:CJ4) -> #VALUE! | CK22: =SUM(CK2:CK4) -> 0 | CL22: =SUM(CL2:CL4) -> 0
A23: =A22+3 -> 66 | B23: =LEFT(B2,LEN(B2)-5)&45 -> Llama-3-70B-Instruct M45 | C23: =AVERAGE(C5:C6) -> 0.640625 | D23: =SUM(D5:D6) -> 512 | E23: =SUM(E5:E6) -> 328 | H23: =AVERAGE(H5:H6) -> 0.67021277 | I23: =SUM(I5:I6) -> 94 | J23: =SUM(J5:J6) -> 63 | M23: =AVERAGE(M5:M6) -> 0.63397129 | N23: =SUM(N5:N6) -> 418 | O23: =SUM(O5:O6) -> 265 | R23: =AVERAGE(R5:R6) -> #DIV/0! | S23: =SUM(S5:S6) -> 0 | T23: =SUM(T5:T6) -> 0 | W23: =AVERAGE(W5:W6) -> #DIV/0! | X23: =SUM(X5:X6) -> 0 | Y23: =SUM(Y5:Y6) -> 0 | AB23: =AVERAGE(AB5:AB6) -> #VALUE! | AC23: =SUM(AC5:AC6) -> 0 | AD23: =SUM(AD5:AD6) -> 0 | AG23: =AVERAGE(AG5:AG6) -> #VALUE! | AH23: =SUM(AH5:AH6) -> 0 | AI23: =SUM(AI5:AI6) -> 0 | AL23: =AVERAGE(AL5:AL6) -> #VALUE! | AM23: =SUM(AM5:AM6) -> 0 | AN23: =SUM(AN5:AN6) -> 0 | AQ23: =AVERAGE(AQ5:AQ6) -> #VALUE! | AR23: =SUM(AR5:AR6) -> 0 | AS23: =SUM(AS5:AS6) -> 0 | AV23: =AVERAGE(AV5:AV6) -> #VALUE! | AW23: =SUM(AW5:AW6) -> 0 | AX23: =SUM(AX5:AX6) -> 0 | BA23: =AVERAGE(BA5:BA6) -> #VALUE! | BB23: =SUM(BB5:BB6) -> 0 | BC23: =SUM(BC5:BC6) -> 0 | BF23: =AVERAGE(BF5:BF6) -> #VALUE! | BG23: =SUM(BG5:BG6) -> 0 | BH23: =SUM(BH5:BH6) -> 0 | BK23: =AVERAGE(BK5:BK6) -> #VALUE! | BL23: =SUM(BL5:BL6) -> 0 | BM23: =SUM(BM5:BM6) -> 0 | BP23: =AVERAGE(BP5:BP6) -> #VALUE! | BQ23: =SUM(BQ5:BQ6) -> 0 | BR23: =SUM(BR5:BR6) -> 0 | BU23: =AVERAGE(BU5:BU6) -> #VALUE! | BV23: =SUM(BV5:BV6) -> 0 | BW23: =SUM(BW5:BW6) -> 0 | BZ23: =AVERAGE(BZ5:BZ6) -> #VALUE! | CA23: =SUM(CA5:CA6) -> 0 | CB23: =SUM(CB5:CB6) -> 0 | CE23: =AVERAGE(CE5:CE6) -> #VALUE! | CF23: =SUM(CF5:CF6) -> 0 | CG23: =SUM(CG5:CG6) -> 0 | CJ23: =AVERAGE(CJ5:CJ6) -> #VALUE! | CK23: =SUM(CK5:CK6) -> 0 | CL23: =SUM(CL5:CL6) -> 0
A24: =A23+3 -> 69 | B24: =LEFT(B7,LEN(B7)-5)&123 -> Llama-3.1-70B-Instruct M123 | C24: =AVERAGE(C7:C9) -> 0.75260417 | D24: =SUM(D7:D9) -> 768 | E24: =SUM(E7:E9) -> 578 | H24: =AVERAGE(H7:H9) -> 0.72340426 | I24: =SUM(I7:I9) -> 141 | J24: =SUM(J7:J9) -> 102 | M24: =AVERAGE(M7:M9) -> 0.75917065 | N24: =SUM(N7:N9) -> 627 | O24: =SUM(O7:O9) -> 476 | R24: =AVERAGE(R7:R9) -> #DIV/0! | S24: =SUM(S7:S9) -> 0 | T24: =SUM(T7:T9) -> 0 | W24: =AVERAGE(W7:W9) -> #DIV/0! | X24: =SUM(X7:X9) -> 0 | Y24: =SUM(Y7:Y9) -> 0 | AB24: =AVERAGE(AB7:AB9) -> #VALUE! | AC24: =SUM(AC7:AC9) -> 0 | AD24: =SUM(AD7:AD9) -> 0 | AG24: =AVERAGE(AG7:AG9) -> #VALUE! | AH24: =SUM(AH7:AH9) -> 0 | AI24: =SUM(AI7:AI9) -> 0 | AL24: =AVERAGE(AL7:AL9) -> #VALUE! | AM24: =SUM(AM7:AM9) -> 0 | AN24: =SUM(AN7:AN9) -> 0 | AQ24: =AVERAGE(AQ7:AQ9) -> #VALUE! | AR24: =SUM(AR7:AR9) -> 0 | AS24: =SUM(AS7:AS9) -> 0 | AV24: =AVERAGE(AV7:AV9) -> #VALUE! | AW24: =SUM(AW7:AW9) -> 0 | AX24: =SUM(AX7:AX9) -> 0 | BA24: =AVERAGE(BA7:BA9) -> #VALUE! | BB24: =SUM(BB7:BB9) -> 0 | BC24: =SUM(BC7:BC9) -> 0 | BF24: =AVERAGE(BF7:BF9) -> #VALUE! | BG24: =SUM(BG7:BG9) -> 0 | BH24: =SUM(BH7:BH9) -> 0 | BK24: =AVERAGE(BK7:BK9) -> #VALUE! | BL24: =SUM(BL7:BL9) -> 0 | BM24: =SUM(BM7:BM9) -> 0 | BP24: =AVERAGE(BP7:BP9) -> #VALUE! | BQ24: =SUM(BQ7:BQ9) -> 0 | BR24: =SUM(BR7:BR9) -> 0 | BU24: =AVERAGE(BU7:BU9) -> #VALUE! | BV24: =SUM(BV7:BV9) -> 0 | BW24: =SUM(BW7:BW9) -> 0 | BZ24: =AVERAGE(BZ7:BZ9) -> #VALUE! | CA24: =SUM(CA7:CA9) -> 0 | CB24: =SUM(CB7:CB9) -> 0 | CE24: =AVERAGE(CE7:CE9) -> #VALUE! | CF24: =SUM(CF7:CF9) -> 0 | CG24: =SUM(CG7:CG9) -> 0 | CJ24: =AVERAGE(CJ7:CJ9) -> #VALUE! | CK24: =SUM(CK7:CK9) -> 0 | CL24: =SUM(CL7:CL9) -> 0
A25: =A24+3 -> 72 | B25: =LEFT(B7,LEN(B7)-5)&45 -> Llama-3.1-70B-Instruct M45 | C25: =AVERAGE(C10:C11) -> 0.60351562 | D25: =SUM(D10:D11) -> 512 | E25: =SUM(E10:E11) -> 309 | H25: =AVERAGE(H10:H11) -> 0.58510638 | I25: =SUM(I10:I11) -> 94 | J25: =SUM(J10:J11) -> 55 | M25: =AVERAGE(M10:M11) -> 0.6076555 | N25: =SUM(N10:N11) -> 418 | O25: =SUM(O10:O11) -> 254 | R25: =AVERAGE(R10:R11) -> #DIV/0! | S25: =SUM(S10:S11) -> 0 | T25: =SUM(T10:T11) -> 0 | W25: =AVERAGE(W10:W11) -> #DIV/0! | X25: =SUM(X10:X11) -> 0 | Y25: =SUM(Y10:Y11) -> 0 | AB25: =AVERAGE(AB10:AB11) -> #VALUE! | AC25: =SUM(AC10:AC11) -> 0 | AD25: =SUM(AD10:AD11) -> 0 | AG25: =AVERAGE(AG10:AG11) -> #VALUE! | AH25: =SUM(AH10:AH11) -> 0 | AI25: =SUM(AI10:AI11) -> 0 | AL25: =AVERAGE(AL10:AL11) -> #VALUE! | AM25: =SUM(AM10:AM11) -> 0 | AN25: =SUM(AN10:AN11) -> 0 | AQ25: =AVERAGE(AQ10:AQ11) -> #VALUE! | AR25: =SUM(AR10:AR11) -> 0 | AS25: =SUM(AS10:AS11) -> 0 | AV25: =AVERAGE(AV10:AV11) -> #VALUE! | AW25: =SUM(AW10:AW11) -> 0 | AX25: =SUM(AX10:AX11) -> 0 | BA25: =AVERAGE(BA10:BA11) -> #VALUE! | BB25: =SUM(BB10:BB11) -> 0 | BC25: =SUM(BC10:BC11) -> 0 | BF25: =AVERAGE(BF10:BF11) -> #VALUE! | BG25: =SUM(BG10:BG11) -> 0 | BH25: =SUM(BH10:BH11) -> 0 | BK25: =AVERAGE(BK10:BK11) -> #VALUE! | BL25: =SUM(BL10:BL11) -> 0 | BM25: =SUM(BM10:BM11) -> 0 | BP25: =AVERAGE(BP10:BP11) -> #VALUE! | BQ25: =SUM(BQ10:BQ11) -> 0 | BR25: =SUM(BR10:BR11) -> 0 | BU25: =AVERAGE(BU10:BU11) -> #VALUE! | BV25: =SUM(BV10:BV11) -> 0 | BW25: =SUM(BW10:BW11) -> 0 | BZ25: =AVERAGE(BZ10:BZ11) -> #VALUE! | CA25: =SUM(CA10:CA11) -> 0 | CB25: =SUM(CB10:CB11) -> 0 | CE25: =AVERAGE(CE10:CE11) -> #VALUE! | CF25: =SUM(CF10:CF11) -> 0 | CG25: =SUM(CG10:CG11) -> 0 | CJ25: =AVERAGE(CJ10:CJ11) -> #VALUE! | CK25: =SUM(CK10:CK11) -> 0 | CL25: =SUM(CL10:CL11) -> 0
A26: =A25+3 -> 75 | B26: =LEFT(B12,LEN(B12)-5)&123 -> Llama-3.1-405B-Instruct M123 | C26: =AVERAGE(C12:C14) -> 0.80859375 | D26: =SUM(D12:D14) -> 768 | E26: =SUM(E12:E14) -> 621 | H26: =AVERAGE(H12:H14) -> 0.77304965 | I26: =SUM(I12:I14) -> 141 | J26: =SUM(J12:J14) -> 109 | M26: =AVERAGE(M12:M14) -> 0.81658692 | N26: =SUM(N12:N14) -> 627 | O26: =SUM(O12:O14) -> 512 | R26: =AVERAGE(R12:R14) -> #DIV/0! | S26: =SUM(S12:S14) -> 0 | T26: =SUM(T12:T14) -> 0 | W26: =AVERAGE(W12:W14) -> #DIV/0! | X26: =SUM(X12:X14) -> 0 | Y26: =SUM(Y12:Y14) -> 0 | AB26: =AVERAGE(AB12:AB14) -> #VALUE! | AC26: =SUM(AC12:AC14) -> 0 | AD26: =SUM(AD12:AD14) -> 0 | AG26: =AVERAGE(AG12:AG14) -> #VALUE! | AH26: =SUM(AH12:AH14) -> 0 | AI26: =SUM(AI12:AI14) -> 0 | AL26: =AVERAGE(AL12:AL14) -> #VALUE! | AM26: =SUM(AM12:AM14) -> 0 | AN26: =SUM(AN12:AN14) -> 0 | AQ26: =AVERAGE(AQ12:AQ14) -> #VALUE! | AR26: =SUM(AR12:AR14) -> 0 | AS26: =SUM(AS12:AS14) -> 0 | AV26: =AVERAGE(AV12:AV14) -> #VALUE! | AW26: =SUM(AW12:AW14) -> 0 | AX26: =SUM(AX12:AX14) -> 0 | BA26: =AVERAGE(BA12:BA14) -> #VALUE! | BB26: =SUM(BB12:BB14) -> 0 | BC26: =SUM(BC12:BC14) -> 0 | BF26: =AVERAGE(BF12:BF14) -> #VALUE! | BG26: =SUM(BG12:BG14) -> 0 | BH26: =SUM(BH12:BH14) -> 0 | BK26: =AVERAGE(BK12:BK14) -> #VALUE! | BL26: =SUM(BL12:BL14) -> 0 | BM26: =SUM(BM12:BM14) -> 0 | BP26: =AVERAGE(BP12:BP14) -> #VALUE! | BQ26: =SUM(BQ12:BQ14) -> 0 | BR26: =SUM(BR12:BR14) -> 0 | BU26: =AVERAGE(BU12:BU14) -> #VALUE! | BV26: =SUM(BV12:BV14) -> 0 | BW26: =SUM(BW12:BW14) -> 0 | BZ26: =AVERAGE(BZ12:BZ14) -> #VALUE! | CA26: =SUM(CA12:CA14) -> 0 | CB26: =SUM(CB12:CB14) -> 0 | CE26: =AVERAGE(CE12:CE14) -> #VALUE! | CF26: =SUM(CF12:CF14) -> 0 | CG26: =SUM(CG12:CG14) -> 0 | CJ26: =AVERAGE(CJ12:CJ14) -> #VALUE! | CK26: =SUM(CK12:CK14) -> 0 | CL26: =SUM(CL12:CL14) -> 0
A27: =A26+3 -> 78 | B27: =LEFT(B12,LEN(B12)-5)&45 -> Llama-3.1-405B-Instruct M45 | C27: =AVERAGE(C15:C16) -> 0.6796875 | D27: =SUM(D15:D16) -> 512 | E27: =SUM(E15:E16) -> 348 | H27: =AVERAGE(H15:H16) -> 0.68085106 | I27: =SUM(I15:I16) -> 94 | J27: =SUM(J15:J16) -> 64 | M27: =AVERAGE(M15:M16) -> 0.67942584 | N27: =SUM(N15:N16) -> 418 | O27: =SUM(O15:O16) -> 284 | R27: =AVERAGE(R15:R16) -> #DIV/0! | S27: =SUM(S15:S16) -> 0 | T27: =SUM(T15:T16) -> 0 | W27: =AVERAGE(W15:W16) -> #DIV/0! | X27: =SUM(X15:X16) -> 0 | Y27: =SUM(Y15:Y16) -> 0 | AB27: =AVERAGE(AB15:AB16) -> #VALUE! | AC27: =SUM(AC15:AC16) -> 0 | AD27: =SUM(AD15:AD16) -> 0 | AG27: =AVERAGE(AG15:AG16) -> #VALUE! | AH27: =SUM(AH15:AH16) -> 0 | AI27: =SUM(AI15:AI16) -> 0 | AL27: =AVERAGE(AL15:AL16) -> #VALUE! | AM27: =SUM(AM15:AM16) -> 0 | AN27: =SUM(AN15:AN16) -> 0 | AQ27: =AVERAGE(AQ15:AQ16) -> #VALUE! | AR27: =SUM(AR15:AR16) -> 0 | AS27: =SUM(AS15:AS16) -> 0 | AV27: =AVERAGE(AV15:AV16) -> #VALUE! | AW27: =SUM(AW15:AW16) -> 0 | AX27: =SUM(AX15:AX16) -> 0 | BA27: =AVERAGE(BA15:BA16) -> #VALUE! | BB27: =SUM(BB15:BB16) -> 0 | BC27: =SUM(BC15:BC16) -> 0 | BF27: =AVERAGE(BF15:BF16) -> #VALUE! | BG27: =SUM(BG15:BG16) -> 0 | BH27: =SUM(BH15:BH16) -> 0 | BK27: =AVERAGE(BK15:BK16) -> #VALUE! | BL27: =SUM(BL15:BL16) -> 0 | BM27: =SUM(BM15:BM16) -> 0 | BP27: =AVERAGE(BP15:BP16) -> #VALUE! | BQ27: =SUM(BQ15:BQ16) -> 0 | BR27: =SUM(BR15:BR16) -> 0 | BU27: =AVERAGE(BU15:BU16) -> #VALUE! | BV27: =SUM(BV15:BV16) -> 0 | BW27: =SUM(BW15:BW16) -> 0 | BZ27: =AVERAGE(BZ15:BZ16) -> #VALUE! | CA27: =SUM(CA15:CA16) -> 0 | CB27: =SUM(CB15:CB16) -> 0 | CE27: =AVERAGE(CE15:CE16) -> #VALUE! | CF27: =SUM(CF15:CF16) -> 0 | CG27: =SUM(CG15:CG16) -> 0 | CJ27: =AVERAGE(CJ15:CJ16) -> #VALUE! | CK27: =SUM(CK15:CK16) -> 0 | CL27: =SUM(CL15:CL16) -> 0
A28: =A27+3 -> 81 | B28: =LEFT(B17,LEN(B17)-5)&123 -> Llama-3.3-70B-Instruct M123 | C28: =AVERAGE(C17:C19) -> 0.78125 | D28: =SUM(D17:D19) -> 768 | E28: =SUM(E17:E19) -> 600 | H28: =AVERAGE(H17:H19) -> 0.75886525 | I28: =SUM(I17:I19) -> 141 | J28: =SUM(J17:J19) -> 107 | M28: =AVERAGE(M17:M19) -> 0.78628389 | N28: =SUM(N17:N19) -> 627 | O28: =SUM(O17:O19) -> 493 | R28: =AVERAGE(R17:R19) -> #DIV/0! | S28: =SUM(S17:S19) -> 0 | T28: =SUM(T17:T19) -> 0 | W28: =AVERAGE(W17:W19) -> #DIV/0! | X28: =SUM(X17:X19) -> 0 | Y28: =SUM(Y17:Y19) -> 0 | AB28: =AVERAGE(AB17:AB19) -> #VALUE! | AC28: =SUM(AC17:AC19) -> 0 | AD28: =SUM(AD17:AD19) -> 0 | AG28: =AVERAGE(AG17:AG19) -> #VALUE! | AH28: =SUM(AH17:AH19) -> 0 | AI28: =SUM(AI17:AI19) -> 0 | AL28: =AVERAGE(AL17:AL19) -> #VALUE! | AM28: =SUM(AM17:AM19) -> 0 | AN28: =SUM(AN17:AN19) -> 0 | AQ28: =AVERAGE(AQ17:AQ19) -> #VALUE! | AR28: =SUM(AR17:AR19) -> 0 | AS28: =SUM(AS17:AS19) -> 0 | AV28: =AVERAGE(AV17:AV19) -> #VALUE! | AW28: =SUM(AW17:AW19) -> 0 | AX28: =SUM(AX17:AX19) -> 0 | BA28: =AVERAGE(BA17:BA19) -> #VALUE! | BB28: =SUM(BB17:BB19) -> 0 | BC28: =SUM(BC17:BC19) -> 0 | BF28: =AVERAGE(BF17:BF19) -> #VALUE! | BG28: =SUM(BG17:BG19) -> 0 | BH28: =SUM(BH17:BH19) -> 0 | BK28: =AVERAGE(BK17:BK19) -> #VALUE! | BL28: =SUM(BL17:BL19) -> 0 | BM28: =SUM(BM17:BM19) -> 0 | BP28: =AVERAGE(BP17:BP19) -> #VALUE! | BQ28: =SUM(BQ17:BQ19) -> 0 | BR28: =SUM(BR17:BR19) -> 0 | BU28: =AVERAGE(BU17:BU19) -> #VALUE! | BV28: =SUM(BV17:BV19) -> 0 | BW28: =SUM(BW17:BW19) -> 0 | BZ28: =AVERAGE(BZ17:BZ19) -> #VALUE! | CA28: =SUM(CA17:CA19) -> 0 | CB28: =SUM(CB17:CB19) -> 0 | CE28: =AVERAGE(CE17:CE19) -> #VALUE! | CF28: =SUM(CF17:CF19) -> 0 | CG28: =SUM(CG17:CG19) -> 0 | CJ28: =AVERAGE(CJ17:CJ19) -> #VALUE! | CK28: =SUM(CK17:CK19) -> 0 | CL28: =SUM(CL17:CL19) -> 0
A29: =A28+3 -> 84 | B29: =LEFT(B17,LEN(B17)-5)&45 -> Llama-3.3-70B-Instruct M45 | C29: =AVERAGE(C20:C21) -> 0.6171875 | D29: =SUM(D20:D21) -> 512 | E29: =SUM(E20:E21) -> 316 | H29: =AVERAGE(H20:H21) -> 0.60638298 | I29: =SUM(I20:I21) -> 94 | J29: =SUM(J20:J21) -> 57 | M29: =AVERAGE(M20:M21) -> 0.61961722 | N29: =SUM(N20:N21) -> 418 | O29: =SUM(O20:O21) -> 259 | R29: =AVERAGE(R20:R21) -> #DIV/0! | S29: =SUM(S20:S21) -> 0 | T29: =SUM(T20:T21) -> 0 | W29: =AVERAGE(W20:W21) -> #DIV/0! | X29: =SUM(X20:X21) -> 0 | Y29: =SUM(Y20:Y21) -> 0 | AB29: =AVERAGE(AB20:AB21) -> #VALUE! | AC29: =SUM(AC20:AC21) -> 0 | AD29: =SUM(AD20:AD21) -> 0 | AG29: =AVERAGE(AG20:AG21) -> #VALUE! | AH29: =SUM(AH20:AH21) -> 0 | AI29: =SUM(AI20:AI21) -> 0 | AL29: =AVERAGE(AL20:AL21) -> #VALUE! | AM29: =SUM(AM20:AM21) -> 0 | AN29: =SUM(AN20:AN21) -> 0 | AQ29: =AVERAGE(AQ20:AQ21) -> #VALUE! | AR29: =SUM(AR20:AR21) -> 0 | AS29: =SUM(AS20:AS21) -> 0 | AV29: =AVERAGE(AV20:AV21) -> #VALUE! | AW29: =SUM(AW20:AW21) -> 0 | AX29: =SUM(AX20:AX21) -> 0 | BA29: =AVERAGE(BA20:BA21) -> #VALUE! | BB29: =SUM(BB20:BB21) -> 0 | BC29: =SUM(BC20:BC21) -> 0 | BF29: =AVERAGE(BF20:BF21) -> #VALUE! | BG29: =SUM(BG20:BG21) -> 0 | BH29: =SUM(BH20:BH21) -> 0 | BK29: =AVERAGE(BK20:BK21) -> #VALUE! | BL29: =SUM(BL20:BL21) -> 0 | BM29: =SUM(BM20:BM21) -> 0 | BP29: =AVERAGE(BP20:BP21) -> #VALUE! | BQ29: =SUM(BQ20:BQ21) -> 0 | BR29: =SUM(BR20:BR21) -> 0 | BU29: =AVERAGE(BU20:BU21) -> #VALUE! | BV29: =SUM(BV20:BV21) -> 0 | BW29: =SUM(BW20:BW21) -> 0 | BZ29: =AVERAGE(BZ20:BZ21) -> #VALUE! | CA29: =SUM(CA20:CA21) -> 0 | CB29: =SUM(CB20:CB21) -> 0 | CE29: =AVERAGE(CE20:CE21) -> #VALUE! | CF29: =SUM(CF20:CF21) -> 0 | CG29: =SUM(CG20:CG21) -> 0 | CJ29: =AVERAGE(CJ20:CJ21) -> #VALUE! | CK29: =SUM(CK20:CK21) -> 0 | CL29: =SUM(CL20:CL21) -> 0
A30: =A29+3 -> 87 | B30: Total M123 | C30: =AVERAGE(C22,C24,C26,C28) -> 0.78352865 | D30: =SUM(D22,D24,D26,D28) -> 3072 | E30: =SUM(E22,E24,E26,E28) -> 2407 | H30: =AVERAGE(H22,H24,H26,H28) -> 0.76950355 | I30: =SUM(I22,I24,I26,I28) -> 564 | J30: =SUM(J22,J24,J26,J28) -> 434 | M30: =AVERAGE(M22,M24,M26,M28) -> 0.78668262 | N30: =SUM(N22,N24,N26,N28) -> 2508 | O30: =SUM(O22,O24,O26,O28) -> 1973 | R30: =AVERAGE(R22,R24,R26,R28) -> #VALUE! | S30: =SUM(S22,S24,S26,S28) -> 0 | T30: =SUM(T22,T24,T26,T28) -> 0 | W30: =AVERAGE(W22,W24,W26,W28) -> #VALUE! | X30: =SUM(X22,X24,X26,X28) -> 0 | Y30: =SUM(Y22,Y24,Y26,Y28) -> 0 | AB30: =AVERAGE(AB22,AB24,AB26,AB28) -> #VALUE! | AC30: =SUM(AC22,AC24,AC26,AC28) -> 0 | AD30: =SUM(AD22,AD24,AD26,AD28) -> 0 | AG30: =AVERAGE(AG22,AG24,AG26,AG28) -> #VALUE! | AH30: =SUM(AH22,AH24,AH26,AH28) -> 0 | AI30: =SUM(AI22,AI24,AI26,AI28) -> 0 | AL30: =AVERAGE(AL22,AL24,AL26,AL28) -> #VALUE! | AM30: =SUM(AM22,AM24,AM26,AM28) -> 0 | AN30: =SUM(AN22,AN24,AN26,AN28) -> 0 | AQ30: =AVERAGE(AQ22,AQ24,AQ26,AQ28) -> #VALUE! | AR30: =SUM(AR22,AR24,AR26,AR28) -> 0 | AS30: =SUM(AS22,AS24,AS26,AS28) -> 0 | AV30: =AVERAGE(AV22,AV24,AV26,AV28) -> #VALUE! | AW30: =SUM(AW22,AW24,AW26,AW28) -> 0 | AX30: =SUM(AX22,AX24,AX26,AX28) -> 0 | BA30: =AVERAGE(BA22,BA24,BA26,BA28) -> #VALUE! | BB30: =SUM(BB22,BB24,BB26,BB28) -> 0 | BC30: =SUM(BC22,BC24,BC26,BC28) -> 0 | BF30: =AVERAGE(BF22,BF24,BF26,BF28) -> #VALUE! | BG30: =SUM(BG22,BG24,BG26,BG28) -> 0 | BH30: =SUM(BH22,BH24,BH26,BH28) -> 0 | BK30: =AVERAGE(BK22,BK24,BK26,BK28) -> #VALUE! | BL30: =SUM(BL22,BL24,BL26,BL28) -> 0 | BM30: =SUM(BM22,BM24,BM26,BM28) -> 0 | BP30: =AVERAGE(BP22,BP24,BP26,BP28) -> #VALUE! | BQ30: =SUM(BQ22,BQ24,BQ26,BQ28) -> 0 | BR30: =SUM(BR22,BR24,BR26,BR28) -> 0 | BU30: =AVERAGE(BU22,BU24,BU26,BU28) -> #VALUE! | BV30: =SUM(BV22,BV24,BV26,BV28) -> 0 | BW30: =SUM(BW22,BW24,BW26,BW28) -> 0 | BZ30: =AVERAGE(BZ22,BZ24,BZ26,BZ28) -> #VALUE! | CA30: =SUM(CA22,CA24,CA26,CA28) -> 0 | CB30: =SUM(CB22,CB24,CB26,CB28) -> 0 | CE30: =AVERAGE(CE22,CE24,CE26,CE28) -> #VALUE! | CF30: =SUM(CF22,CF24,CF26,CF28) -> 0 | CG30: =SUM(CG22,CG24,CG26,CG28) -> 0 | CJ30: =AVERAGE(CJ22,CJ24,CJ26,CJ28) -> #VALUE! | CK30: =SUM(CK22,CK24,CK26,CK28) -> 0 | CL30: =SUM(CL22,CL24,CL26,CL28) -> 0
A31: =A30+3 -> 90 | B31: Total M45 | C31: =AVERAGE(C23,C25,C27,C29) -> 0.63525391 | D31: =SUM(D23,D25,D27,D29) -> 2048 | E31: =SUM(E23,E25,E27,E29) -> 1301 | H31: =AVERAGE(H23,H25,H27,H29) -> 0.6356383 | I31: =SUM(I23,I25,I27,I29) -> 376 | J31: =SUM(J23,J25,J27,J29) -> 239 | M31: =AVERAGE(M23,M25,M27,M29) -> 0.63516746 | N31: =SUM(N23,N25,N27,N29) -> 1672 | O31: =SUM(O23,O25,O27,O29) -> 1062 | R31: =AVERAGE(R23,R25,R27,R29) -> #DIV/0! | S31: =SUM(S23,S25,S27,S29) -> 0 | T31: =SUM(T23,T25,T27,T29) -> 0 | W31: =AVERAGE(W23,W25,W27,W29) -> #DIV/0! | X31: =SUM(X23,X25,X27,X29) -> 0 | Y31: =SUM(Y23,Y25,Y27,Y29) -> 0 | AB31: =AVERAGE(AB23,AB25,AB27,AB29) -> #VALUE! | AC31: =SUM(AC23,AC25,AC27,AC29) -> 0 | AD31: =SUM(AD23,AD25,AD27,AD29) -> 0 | AG31: =AVERAGE(AG23,AG25,AG27,AG29) -> #VALUE! | AH31: =SUM(AH23,AH25,AH27,AH29) -> 0 | AI31: =SUM(AI23,AI25,AI27,AI29) -> 0 | AL31: =AVERAGE(AL23,AL25,AL27,AL29) -> #VALUE! | AM31: =SUM(AM23,AM25,AM27,AM29) -> 0 | AN31: =SUM(AN23,AN25,AN27,AN29) -> 0 | AQ31: =AVERAGE(AQ23,AQ25,AQ27,AQ29) -> #VALUE! | AR31: =SUM(AR23,AR25,AR27,AR29) -> 0 | AS31: =SUM(AS23,AS25,AS27,AS29) -> 0 | AV31: =AVERAGE(AV23,AV25,AV27,AV29) -> #VALUE! | AW31: =SUM(AW23,AW25,AW27,AW29) -> 0 | AX31: =SUM(AX23,AX25,AX27,AX29) -> 0 | BA31: =AVERAGE(BA23,BA25,BA27,BA29) -> #VALUE! | BB31: =SUM(BB23,BB25,BB27,BB29) -> 0 | BC31: =SUM(BC23,BC25,BC27,BC29) -> 0 | BF31: =AVERAGE(BF23,BF25,BF27,BF29) -> #VALUE! | BG31: =SUM(BG23,BG25,BG27,BG29) -> 0 | BH31: =SUM(BH23,BH25,BH27,BH29) -> 0 | BK31: =AVERAGE(BK23,BK25,BK27,BK29) -> #VALUE! | BL31: =SUM(BL23,BL25,BL27,BL29) -> 0 | BM31: =SUM(BM23,BM25,BM27,BM29) -> 0 | BP31: =AVERAGE(BP23,BP25,BP27,BP29) -> #VALUE! | BQ31: =SUM(BQ23,BQ25,BQ27,BQ29) -> 0 | BR31: =SUM(BR23,BR25,BR27,BR29) -> 0 | BU31: =AVERAGE(BU23,BU25,BU27,BU29) -> #VALUE! | BV31: =SUM(BV23,BV25,BV27,BV29) -> 0 | BW31: =SUM(BW23,BW25,BW27,BW29) -> 0 | BZ31: =AVERAGE(BZ23,BZ25,BZ27,BZ29) -> #VALUE! | CA31: =SUM(CA23,CA25,CA27,CA29) -> 0 | CB31: =SUM(CB23,CB25,CB27,CB29) -> 0 | CE31: =AVERAGE(CE23,CE25,CE27,CE29) -> #VALUE! | CF31: =SUM(CF23,CF25,CF27,CF29) -> 0 | CG31: =SUM(CG23,CG25,CG27,CG29) -> 0 | CJ31: =AVERAGE(CJ23,CJ25,CJ27,CJ29) -> #VALUE! | CK31: =SUM(CK23,CK25,CK27,CK29) -> 0 | CL31: =SUM(CL23,CL25,CL27,CL29) -> 0

Sheet old incorrect ids copied
C2: all | D2: met | E2: sim | F2: not neg pairs | G2: neg pairs | H2: sim neg | I2: sim intens | J2: neg not | K2: intens not | L2: neg as as | M2: intens as as | O2: count correct | P2: count total
A3: 3 | B3: bin glove add_lem | C3: 0.55022831 | D3: 0.60345975 | E3: 0.53569482 | F3: 0.5682312 | G3: 0.51579385 | H3: 0.47199341 | I3: 0.55912162 | J3: 0.67770701 | K3: 0.36114733 | L3: 0.11337868 | M3: 0.92326139 | O3: 3856 | P3: 7008
A4: 6 | B4: bin glove mult_lem | C4: 0.49914384 | D4: 0.50632069 | E4: 0.49718438 | F4: 0.50564972 | G4: 0.48669992 | H4: 0.58566722 | I4: 0.38513514 | J4: 0.65732484 | K4: 0.28683181 | L4: 0.45578231 | M4: 0.56594724 | O4: 3498 | P4: 7008
A5: 9 | B5: bin w2v add_lem | C5: 0.54794521 | D5: 0.59015303 | E5: 0.53642144 | F5: 0.56410256 | G5: 0.51704073 | H5: 0.33443163 | I5: 0.7035473 | J5: 0.45477707 | K5: 0.58279009 | L5: 0.1292517 | M5: 0.92565947 | O5: 3840 | P5: 7008
A6: 12 | B6: bin w2v mult_lem | C6: 0.50941781 | D6: 0.49700599 | E6: 0.51280654 | F6: 0.51021295 | G6: 0.50789692 | H6: 0.49588138 | I6: 0.52195946 | J6: 0.49808917 | K6: 0.5136897 | L6: 0.48752834 | M6: 0.53717026 | O6: 3570 | P6: 7008
A7: 15 | B7: bin ms-word2dm-c5 add_lem | C7: 0.55014872 | D7: 0.5786268 | E7: 0.5423549 | F7: 0.56236598 | G7: 0.5258099 | H7: 0.50573888 | I7: 0.54623044 | J7: 0.67282609 | K7: 0.3726776 | L7: 0.19301848 | M7: 0.86965377 | O7: 4624 | P7: 8405
A8: 18 | B8: bin ms-word2dm-c5 mult_lem | C8: 0.50731707 | D8: 0.51495017 | E8: 0.50522806 | F8: 0.51340243 | G8: 0.49519402 | H8: 0.56958393 | I8: 0.42105263 | J8: 0.64021739 | K8: 0.36065574 | L8: 0.43531828 | M8: 0.53360489 | O8: 4264 | P8: 8405
A9: 21 | B9: bin ms-word2dm-c10 add_lem | C9: 0.54610351 | D9: 0.57696567 | E9: 0.53765722 | F9: 0.55950679 | G9: 0.51940192 | H9: 0.4964132 | I9: 0.54267425 | J9: 0.67391304 | K9: 0.36284153 | L9: 0.16427105 | M9: 0.87780041 | O9: 4590 | P9: 8405
A10: 24 | B10: bin ms-word2dm-c10 mult_lem | C10: 0.51980964 | D10: 0.52657807 | E10: 0.51795727 | F10: 0.52948535 | G10: 0.500534 | H10: 0.51362984 | I10: 0.48790896 | J10: 0.59456522 | K10: 0.39016393 | L10: 0.35934292 | M10: 0.6700611 | O10: 4369 | P10: 8405
A11: 27 | B11: bin ms-word2dm-d5 add_lem | C11: 0.54003569 | D11: 0.55094131 | E11: 0.53705107 | F11: 0.55110793 | G11: 0.51797793 | H11: 0.53012912 | I11: 0.50640114 | J11: 0.69021739 | K11: 0.33879781 | L11: 0.22792608 | M11: 0.81873727 | O11: 4539 | P11: 8405
A12: 30 | B12: bin ms-word2dm-d5 mult_lem | C12: 0.52147531 | D12: 0.51882614 | E12: 0.52220033 | F12: 0.52323088 | G12: 0.51797793 | H12: 0.54519369 | I12: 0.49288762 | J12: 0.57173913 | K12: 0.44590164 | L12: 0.49075975 | M12: 0.58044807 | O12: 4383 | P12: 8405
A13: 33 | B13: bin ms-word2dm-d10 add_lem | C13: 0.54146341 | D13: 0.55924695 | E13: 0.53659645 | F13: 0.54985704 | G13: 0.5247419 | H13: 0.53515065 | I13: 0.5170697 | J13: 0.6826087 | K13: 0.35628415 | L13: 0.25256674 | M13: 0.81670061 | O13: 4551 | P13: 8405
A14: 36 | B14: bin ms-word2dm-d10 mult_lem | C14: 0.50993456 | D14: 0.53433001 | E14: 0.50325807 | F14: 0.51447462 | G14: 0.50089 | H14: 0.56743185 | I14: 0.43456615 | J14: 0.59891304 | K14: 0.38032787 | L14: 0.50718686 | M14: 0.53564155 | O14: 4286 | P14: 8405
... A19: 51 | B19: GPT-Neo-1.3B bin | C19: 0.58024149 | D19: 0.63814433 | E19: 0.56457462 | F19: 0.60445545 | G19: 0.53213115 | H19: 0.45142102 | I19: 0.61256545 | J19: 0.61377246 | K19: 0.46107784 | L19: 0.14503817 | M19: 0.90114068 | O19: 5286 | P19: 9110
A20: 54 | C20: #DIV/0! | D20: #DIV/0! | E20: #DIV/0! | F20: #DIV/0! | G20: #DIV/0! | H20: #DIV/0! | I20: #DIV/0! | J20: #DIV/0! | K20: #DIV/0! | L20: #DIV/0! | M20: #DIV/0! | O20: 0 | P20: 0
A21: 57 | C21: #DIV/0! | D21: #DIV/0! | E21: #DIV/0! | F21: #DIV/0! | G21: #DIV/0! | H21: #DIV/0! | I21: #DIV/0! | J21: #DIV/0! | K21: #DIV/0! | L21: #DIV/0! | M21: #DIV/0! | O21: 0 | P21: 0
A22: 60 | C22: #DIV/0! | D22: #DIV/0! | E22: #DIV/0! | F22: #DIV/0! | G22: #DIV/0! | H22: #DIV/0! | I22: #DIV/0! | J22: #DIV/0! | K22: #DIV/0! | L22: #DIV/0! | M22: #DIV/0! | O22: 0 | P22: 0
A23: 63 | C23: #DIV/0! | D23: #DIV/0! | E23: #DIV/0! | F23: #DIV/0! | G23: #DIV/0! | H23: #DIV/0! | I23: #DIV/0! | J23: #DIV/0! | K23: #DIV/0! | L23: #DIV/0! | M23: #DIV/0! | O23: 0 | P23: 0
A24: 66 | C24: #DIV/0! | D24: #DIV/0! | E24: #DIV/0! | F24: #DIV/0! | G24: #DIV/0! | H24: #DIV/0! | I24: #DIV/0! | J24: #DIV/0! | K24: #DIV/0! | L24: #DIV/0! | M24: #DIV/0! | O24: 0 | P24: 0
A25: 69 | C25: #DIV/0! | D25: #DIV/0! | E25: #DIV/0! | F25: #DIV/0! | G25: #DIV/0! | H25: #DIV/0! | I25: #DIV/0! | J25: #DIV/0! | K25: #DIV/0! | L25: #DIV/0! | M25: #DIV/0! | O25: 0 | P25: 0
A26: 72 | C26: #DIV/0! | D26: #DIV/0! | E26: #DIV/0! | F26: #DIV/0! | G26: #DIV/0! | H26: #DIV/0! | I26: #DIV/0! | J26: #DIV/0! | K26: #DIV/0! | L26: #DIV/0! | M26: #DIV/0! | O26: 0 | P26: 0
A27: 75 | C27: #DIV/0! | D27: #DIV/0! | E27: #DIV/0! | F27: #DIV/0! | G27: #DIV/0! | H27: #DIV/0! | I27: #DIV/0! | J27: #DIV/0! | K27: #DIV/0! | L27: #DIV/0! | M27: #DIV/0! | O27: 0 | P27: 0
A28: 78 | C28: #DIV/0! | D28: #DIV/0! | E28: #DIV/0! | F28: #DIV/0! | G28: #DIV/0! | H28: #DIV/0! | I28: #DIV/0! | J28: #DIV/0! | K28: #DIV/0! | L28: #DIV/0! | M28: #DIV/0! | O28: 0 | P28: 0
A29: 81 | C29: #DIV/0! | D29: #DIV/0! | E29: #DIV/0! | F29: #DIV/0! | G29: #DIV/0! | H29: #DIV/0! | I29: #DIV/0! | J29: #DIV/0! | K29: #DIV/0! | L29: #DIV/0! | M29: #DIV/0! | O29: 0 | P29: 0
A30: 84 | C30: #DIV/0! | D30: #DIV/0! | E30: #DIV/0! | F30: #DIV/0! | G30: #DIV/0! | H30: #DIV/0! | I30: #DIV/0! | J30: #DIV/0! | K30: #DIV/0! | L30: #DIV/0! | M30: #DIV/0! | O30: 0 | P30: 0
A31: 87 | C31: #DIV/0! | D31: #DIV/0! | E31: #DIV/0! | F31: #DIV/0! | G31: #DIV/0! | H31: #DIV/0! | I31: #DIV/0! | J31: #DIV/0! | K31: #DIV/0! | L31: #DIV/0! | M31: #DIV/0! | O31: 0 | P31: 0
... A34: 96 | C34: #DIV/0! | D34: #DIV/0! | E34: #DIV/0! | F34: #DIV/0! | G34: #DIV/0! | H34: #DIV/0! | I34: #DIV/0! | J34: #DIV/0! | K34: #DIV/0! | L34: #DIV/0! | M34: #DIV/0! | O34: 0 | P34: 0
